:START_ID,:END_ID,:TYPE,source_file,evidence,category
大熊猫,800万年,RELATED_TO,D:\panda\docs\熊猫知识\[202107201706]大熊猫奇妙课堂大熊猫的历史.md,大熊猫已经在地球上生存了至少800万年,熊猫知识
始熊猫,拟熊类,RELATED_TO,D:\panda\docs\熊猫知识\[202107201706]大熊猫奇妙课堂大熊猫的历史.md,始熊猫……是一种由拟熊类演变而成的以食肉为主的最早的熊猫,熊猫知识
始熊猫,小种大熊猫,RELATED_TO,D:\panda\docs\熊猫知识\[202107201706]大熊猫奇妙课堂大熊猫的历史.md,始熊猫的主支在中国的中部和南部继续演化为大熊猫类，其中一种名为小种大熊猫，出现在距今约 300万年的更新世初期,熊猫知识
小种大熊猫,300万年前,RELATED_TO,D:\panda\docs\熊猫知识\[202107201706]大熊猫奇妙课堂大熊猫的历史.md,小种大熊猫……出现在距今约 300万年的更新世初期,熊猫知识
大熊猫武陵山亚种,50-70万年前,RELATED_TO,D:\panda\docs\熊猫知识\[202107201706]大熊猫奇妙课堂大熊猫的历史.md,到了距今 50-70万年的更新世中晚期，大熊猫武陵山亚种和大熊猫巴氏亚种出现,熊猫知识
大熊猫巴氏亚种,50-70万年前,RELATED_TO,D:\panda\docs\熊猫知识\[202107201706]大熊猫奇妙课堂大熊猫的历史.md,到了距今 50-70万年的更新世中晚期，大熊猫武陵山亚种和大熊猫巴氏亚种出现,熊猫知识
大熊猫武陵山亚种,小种大熊猫,RELATED_TO,D:\panda\docs\熊猫知识\[202107201706]大熊猫奇妙课堂大熊猫的历史.md,武陵山亚种是小种大熊猫到巴氏亚种的过渡型,熊猫知识
大熊猫武陵山亚种,大熊猫巴氏亚种,RELATED_TO,D:\panda\docs\熊猫知识\[202107201706]大熊猫奇妙课堂大熊猫的历史.md,武陵山亚种是小种大熊猫到巴氏亚种的过渡型,熊猫知识
大熊猫武陵山亚种,现生大熊猫,RELATED_TO,D:\panda\docs\熊猫知识\[202107201706]大熊猫奇妙课堂大熊猫的历史.md,化石大熊猫武陵山亚种的体型仅比现生大熊猫小约 1/8,熊猫知识
大熊猫巴氏亚种,现生大熊猫,RELATED_TO,D:\panda\docs\熊猫知识\[202107201706]大熊猫奇妙课堂大熊猫的历史.md,化石大熊猫巴氏亚种的体型普遍比现生大熊猫大约 1/8,熊猫知识
南方一小支大熊猫,现生大熊猫,RELATED_TO,D:\panda\docs\熊猫知识\[202107201706]大熊猫奇妙课堂大熊猫的历史.md,更新世中晚期……直到距今约 1 万 8 千年前的第四纪冰期之后……北方的大熊猫也随即绝迹，仅留下南方一小支大熊猫继续繁衍生息，成为我们现在所看到的现生大熊猫,熊猫知识
阿尔芒·戴维,1862-1874年,RELATED_TO,D:\panda\docs\熊猫知识\[202107201706]大熊猫奇妙课堂大熊猫的历史.md,1862-1874 年期间，法国传教士阿尔芒·戴维来华传教,熊猫知识
大熊猫,大熊猫,RELATED_TO,D:\panda\docs\熊猫知识\[202107201706]大熊猫奇妙课堂大熊猫的历史.md,1869 年的春天，戴维在路过一户姓李的人家……得知它被当地人叫作“竹熊”,熊猫知识
大熊猫,1869年4月1日,RELATED_TO,D:\panda\docs\熊猫知识\[202107201706]大熊猫奇妙课堂大熊猫的历史.md,1869 年 4 月 1 日，当地猎人为戴维捕到一只“竹熊”,熊猫知识
大熊猫,大熊猫,RELATED_TO,D:\panda\docs\熊猫知识\[202107201706]大熊猫奇妙课堂大熊猫的历史.md,戴维帮其取名为“黑白熊”,熊猫知识
大熊猫,Ailuropoda melanoleuca,RELATED_TO,D:\panda\docs\熊猫知识\[202107201706]大熊猫奇妙课堂大熊猫的历史.md,后来……还是认为Ailuropoda melanoleuca（黑白相间的猫熊）最合适，这一学名也就一直被使用并延续下来了,熊猫知识
大熊猫,大熊猫,RELATED_TO,D:\panda\docs\熊猫知识\[202107201706]大熊猫奇妙课堂大熊猫的历史.md,1939年，中国第一次在重庆北碚平民公园（今北碚公园）展出饲养大熊猫。当时展出的名字标牌上分别用中、英文字书写“猫熊”……游人都将“猫熊”读成了“熊猫”,熊猫知识
大熊猫,重庆北碚平民公园,RELATED_TO,D:\panda\docs\熊猫知识\[202107201706]大熊猫奇妙课堂大熊猫的历史.md,1939年，中国第一次在重庆北碚平民公园（今北碚公园）展出饲养大熊猫,熊猫知识
大熊猫,1939年,RELATED_TO,D:\panda\docs\熊猫知识\[202107201706]大熊猫奇妙课堂大熊猫的历史.md,1939年，中国第一次在重庆北碚平民公园（今北碚公园）展出饲养大熊猫,熊猫知识
阿尔芒·戴维,穆坪东河邓池沟教堂,RELATED_TO,D:\panda\docs\熊猫知识\[202107201706]大熊猫奇妙课堂大熊猫的历史.md,法国传教士阿尔芒·戴维……从上海来到宝兴，担任穆坪东河邓池沟教堂的第四代神父,熊猫知识
阿尔芒·戴维,上海,RELATED_TO,D:\panda\docs\熊猫知识\[202107201706]大熊猫奇妙课堂大熊猫的历史.md,法国传教士阿尔芒·戴维……从上海来到宝兴,熊猫知识
阿尔芒·戴维,四川宝兴县,RELATED_TO,D:\panda\docs\熊猫知识\[202107201706]大熊猫奇妙课堂大熊猫的历史.md,法国传教士阿尔芒·戴维……从上海来到宝兴,熊猫知识
大熊猫,法国巴黎国家博物馆,RELATED_TO,D:\panda\docs\熊猫知识\[202107201706]大熊猫奇妙课堂大熊猫的历史.md,戴维将这只“黑白熊”的皮做成标本，送回法国巴黎国家博物馆展出，世界上第一只大熊猫标本便由此产生,熊猫知识
大熊猫,其他珍稀动物,RELATED_TO,D:\panda\docs\熊猫知识\[202107201706]滚滚科普大熊猫的伞护使命.md,以大熊猫为“伞护种”，在保护野生大熊猫的同时，为其他珍稀动物提供了保护伞。,熊猫知识
大熊猫,始熊猫,RELATED_TO,D:\panda\docs\熊猫知识\[202107231715]大熊猫奇妙课堂走近大熊猫.md,大熊猫是由始熊的一支演化成始熊猫，再由始熊猫演化成现在的大熊猫。,熊猫知识
始熊猫,始熊,RELATED_TO,D:\panda\docs\熊猫知识\[202107231715]大熊猫奇妙课堂走近大熊猫.md,大熊猫是由始熊的一支演化成始熊猫，再由始熊猫演化成现在的大熊猫。,熊猫知识
大熊猫,1869年,RELATED_TO,D:\panda\docs\熊猫知识\[202107231715]大熊猫奇妙课堂走近大熊猫.md,自1869年给它定名时至今，一百多年过去了，争论仍未终止,熊猫知识
大熊猫,一百万年前,RELATED_TO,D:\panda\docs\熊猫知识\[202107231715]大熊猫奇妙课堂走近大熊猫.md,大约在一百万年前，大熊猫曾广泛分布于我国东部、中部的广大地区，并向外延伸到东南亚的越南、泰国、老挝以及缅甸等地。,熊猫知识
大熊猫,我国东部,RELATED_TO,D:\panda\docs\熊猫知识\[202107231715]大熊猫奇妙课堂走近大熊猫.md,大约在一百万年前，大熊猫曾广泛分布于我国东部、中部的广大地区，并向外延伸到东南亚的越南、泰国、老挝以及缅甸等地。,熊猫知识
大熊猫,我国中部,RELATED_TO,D:\panda\docs\熊猫知识\[202107231715]大熊猫奇妙课堂走近大熊猫.md,大约在一百万年前，大熊猫曾广泛分布于我国东部、中部的广大地区，并向外延伸到东南亚的越南、泰国、老挝以及缅甸等地。,熊猫知识
大熊猫,越南,RELATED_TO,D:\panda\docs\熊猫知识\[202107231715]大熊猫奇妙课堂走近大熊猫.md,大约在一百万年前，大熊猫曾广泛分布于我国东部、中部的广大地区，并向外延伸到东南亚的越南、泰国、老挝以及缅甸等地。,熊猫知识
大熊猫,泰国,RELATED_TO,D:\panda\docs\熊猫知识\[202107231715]大熊猫奇妙课堂走近大熊猫.md,大约在一百万年前，大熊猫曾广泛分布于我国东部、中部的广大地区，并向外延伸到东南亚的越南、泰国、老挝以及缅甸等地。,熊猫知识
大熊猫,老挝,RELATED_TO,D:\panda\docs\熊猫知识\[202107231715]大熊猫奇妙课堂走近大熊猫.md,大约在一百万年前，大熊猫曾广泛分布于我国东部、中部的广大地区，并向外延伸到东南亚的越南、泰国、老挝以及缅甸等地。,熊猫知识
大熊猫,缅甸,RELATED_TO,D:\panda\docs\熊猫知识\[202107231715]大熊猫奇妙课堂走近大熊猫.md,大约在一百万年前，大熊猫曾广泛分布于我国东部、中部的广大地区，并向外延伸到东南亚的越南、泰国、老挝以及缅甸等地。,熊猫知识
大熊猫,四川,RELATED_TO,D:\panda\docs\熊猫知识\[202107231715]大熊猫奇妙课堂走近大熊猫.md,现在，大熊猫主要分布在我国的四川、甘肃、陕西的秦岭、岷山、邛崃山、相岭、凉山山系的高山深谷中,熊猫知识
大熊猫,甘肃,RELATED_TO,D:\panda\docs\熊猫知识\[202107231715]大熊猫奇妙课堂走近大熊猫.md,现在，大熊猫主要分布在我国的四川、甘肃、陕西的秦岭、岷山、邛崃山、相岭、凉山山系的高山深谷中,熊猫知识
大熊猫,陕西,RELATED_TO,D:\panda\docs\熊猫知识\[202107231715]大熊猫奇妙课堂走近大熊猫.md,现在，大熊猫主要分布在我国的四川、甘肃、陕西的秦岭、岷山、邛崃山、相岭、凉山山系的高山深谷中,熊猫知识
大熊猫,秦岭,RELATED_TO,D:\panda\docs\熊猫知识\[202107231715]大熊猫奇妙课堂走近大熊猫.md,现在，大熊猫主要分布在我国的四川、甘肃、陕西的秦岭、岷山、邛崃山、相岭、凉山山系的高山深谷中,熊猫知识
大熊猫,岷山,RELATED_TO,D:\panda\docs\熊猫知识\[202107231715]大熊猫奇妙课堂走近大熊猫.md,现在，大熊猫主要分布在我国的四川、甘肃、陕西的秦岭、岷山、邛崃山、相岭、凉山山系的高山深谷中,熊猫知识
大熊猫,邛崃山,RELATED_TO,D:\panda\docs\熊猫知识\[202107231715]大熊猫奇妙课堂走近大熊猫.md,现在，大熊猫主要分布在我国的四川、甘肃、陕西的秦岭、岷山、邛崃山、相岭、凉山山系的高山深谷中,熊猫知识
大熊猫,相岭,RELATED_TO,D:\panda\docs\熊猫知识\[202107231715]大熊猫奇妙课堂走近大熊猫.md,现在，大熊猫主要分布在我国的四川、甘肃、陕西的秦岭、岷山、邛崃山、相岭、凉山山系的高山深谷中,熊猫知识
大熊猫,凉山山系,RELATED_TO,D:\panda\docs\熊猫知识\[202107231715]大熊猫奇妙课堂走近大熊猫.md,现在，大熊猫主要分布在我国的四川、甘肃、陕西的秦岭、岷山、邛崃山、相岭、凉山山系的高山深谷中,熊猫知识
大熊猫,1864只,RELATED_TO,D:\panda\docs\熊猫知识\[202107231715]大熊猫奇妙课堂走近大熊猫.md,截至第四次全国大熊猫调查显示，野生大熊猫数量为 1864 只。,熊猫知识
大熊猫,600只,RELATED_TO,D:\panda\docs\熊猫知识\[202107231715]大熊猫奇妙课堂走近大熊猫.md,截至2020年底，圈养大熊猫数量已超过600只。,熊猫知识
大熊猫,每年的四五月份,RELATED_TO,D:\panda\docs\熊猫知识\[202107231715]大熊猫奇妙课堂走近大熊猫.md,每年的四五月份是野生大熊猫的繁殖季节,熊猫知识
大熊猫,1-2个,RELATED_TO,D:\panda\docs\熊猫知识\[202107231715]大熊猫奇妙课堂走近大熊猫.md,它每胎产1-2个幼崽。,熊猫知识
大熊猫,120克,RELATED_TO,D:\panda\docs\熊猫知识\[202107231715]大熊猫奇妙课堂走近大熊猫.md,刚出生的大熊猫皮肤是粉红色的，带有稀疏的白毛，平均初生体重只有120克左右，约是成年大熊猫的0.1%,熊猫知识
大熊猫,0.1%,RELATED_TO,D:\panda\docs\熊猫知识\[202107231715]大熊猫奇妙课堂走近大熊猫.md,刚出生的大熊猫皮肤是粉红色的，带有稀疏的白毛，平均初生体重只有120克左右，约是成年大熊猫的0.1%,熊猫知识
大熊猫,1个月,2,D:\panda\docs\熊猫知识\[202107231715]大熊猫奇妙课堂走近大熊猫.md,1个月后体重可达2千克，3个月可达5-6千克。,熊猫知识
大熊猫,3个月,5_6,D:\panda\docs\熊猫知识\[202107231715]大熊猫奇妙课堂走近大熊猫.md,1个月后体重可达2千克，3个月可达5-6千克。,熊猫知识
大熊猫,五六个月大,RELATED_TO,D:\panda\docs\熊猫知识\[202107231715]大熊猫奇妙课堂走近大熊猫.md,等到幼年野生大熊猫五六个月大时，大熊猫妈妈就开始教它爬树、游泳、洗澡和剥食竹子等本领。,熊猫知识
大熊猫,两到三岁,RELATED_TO,D:\panda\docs\熊猫知识\[202107231715]大熊猫奇妙课堂走近大熊猫.md,大熊猫是独居动物，两到三岁时，幼年野生大熊猫会离开母亲，开始独立生活。,熊猫知识
大熊猫,12-18千克,RELATED_TO,D:\panda\docs\熊猫知识\[202107231715]大熊猫奇妙课堂走近大熊猫.md,一只成年的大熊猫每天要吃12-18千克左右的竹子。,熊猫知识
大熊猫,春天,RELATED_TO,D:\panda\docs\熊猫知识\[202107231715]大熊猫奇妙课堂走近大熊猫.md,春天一般待在海拔3000米以上的高山竹林里，夏天迁移到竹枝鲜嫩的阴坡处，秋天搬到2500米左右温暖的向阳山坡上，准备度过漫长的寒冬。,熊猫知识
大熊猫,夏天,RELATED_TO,D:\panda\docs\熊猫知识\[202107231715]大熊猫奇妙课堂走近大熊猫.md,春天一般待在海拔3000米以上的高山竹林里，夏天迁移到竹枝鲜嫩的阴坡处，秋天搬到2500米左右温暖的向阳山坡上，准备度过漫长的寒冬。,熊猫知识
大熊猫,秋天,RELATED_TO,D:\panda\docs\熊猫知识\[202107231715]大熊猫奇妙课堂走近大熊猫.md,春天一般待在海拔3000米以上的高山竹林里，夏天迁移到竹枝鲜嫩的阴坡处，秋天搬到2500米左右温暖的向阳山坡上，准备度过漫长的寒冬。,熊猫知识
大熊猫,3000米以上,RELATED_TO,D:\panda\docs\熊猫知识\[202107231715]大熊猫奇妙课堂走近大熊猫.md,春天一般待在海拔3000米以上的高山竹林里,熊猫知识
大熊猫,2500米左右,RELATED_TO,D:\panda\docs\熊猫知识\[202107231715]大熊猫奇妙课堂走近大熊猫.md,秋天搬到2500米左右温暖的向阳山坡上,熊猫知识
大熊猫,大熊猫,RELATED_TO,D:\panda\docs\熊猫知识\[202107231715]大熊猫奇妙课堂走近大熊猫.md,现在留下来的数量很少，成为科学家研究生物进化珍贵的“活化石”。,熊猫知识
大熊猫,体型肥、头圆、尾短,RELATED_TO,D:\panda\docs\熊猫知识\[202107281810]大熊猫奇妙课堂大熊猫的外形特征.md,大熊猫的体型很肥，头圆圆的、尾巴比较短。,熊猫知识
大熊猫,60-73千克,RELATED_TO,D:\panda\docs\熊猫知识\[202107281810]大熊猫奇妙课堂大熊猫的外形特征.md,野生大熊猫的体重为 60-73 千克；人工饲养的大熊猫体重为 80-125 千克，最重的达 180 千克。,熊猫知识
大熊猫,80-125千克,RELATED_TO,D:\panda\docs\熊猫知识\[202107281810]大熊猫奇妙课堂大熊猫的外形特征.md,野生大熊猫的体重为 60-73 千克；人工饲养的大熊猫体重为 80-125 千克，最重的达 180 千克。,熊猫知识
大熊猫,180千克,RELATED_TO,D:\panda\docs\熊猫知识\[202107281810]大熊猫奇妙课堂大熊猫的外形特征.md,野生大熊猫的体重为 60-73 千克；人工饲养的大熊猫体重为 80-125 千克，最重的达 180 千克。,熊猫知识
大熊猫,雄性个体体型大于雌性个体,RELATED_TO,D:\panda\docs\熊猫知识\[202107281810]大熊猫奇妙课堂大熊猫的外形特征.md,人工饲养的大熊猫略重，一般雄性个体稍微大于雌性个体。,熊猫知识
大熊猫,650-750毫米,RELATED_TO,D:\panda\docs\熊猫知识\[202107281810]大熊猫奇妙课堂大熊猫的外形特征.md,大熊猫肩高 650-750 毫米，臀高 640-650 毫米；体长一般在 1200-1800 毫米之间。,熊猫知识
大熊猫,640-650毫米,RELATED_TO,D:\panda\docs\熊猫知识\[202107281810]大熊猫奇妙课堂大熊猫的外形特征.md,大熊猫肩高 650-750 毫米，臀高 640-650 毫米；体长一般在 1200-1800 毫米之间。,熊猫知识
大熊猫,1200-1800毫米,RELATED_TO,D:\panda\docs\熊猫知识\[202107281810]大熊猫奇妙课堂大熊猫的外形特征.md,大熊猫肩高 650-750 毫米，臀高 640-650 毫米；体长一般在 1200-1800 毫米之间。,熊猫知识
大熊猫,黑白两色（黑中透褐、白中带黄）,RELATED_TO,D:\panda\docs\熊猫知识\[202107281810]大熊猫奇妙课堂大熊猫的外形特征.md,大熊猫的体色为黑白两色，头部和身体毛色黑白相间分明，但黑非纯黑，白也不是纯白，而是黑中透褐，白中带黄。,熊猫知识
秦岭地区大熊猫,个体偏大、体毛粗糙、腹毛略呈棕色,RELATED_TO,D:\panda\docs\熊猫知识\[202107281810]大熊猫奇妙课堂大熊猫的外形特征.md,秦岭地区的大熊猫个体偏大，体毛粗糙，腹毛略呈棕色。,熊猫知识
岷山地区大熊猫,个体较小、体毛较细、腹毛棕色不明显,RELATED_TO,D:\panda\docs\熊猫知识\[202107281810]大熊猫奇妙课堂大熊猫的外形特征.md,岷山地区的大熊猫则个体较小，体毛也比前者细，腹毛棕色不明显。,熊猫知识
大熊猫黑白体色,隐蔽于密林树上和积雪地面,RELATED_TO,D:\panda\docs\熊猫知识\[202107281810]大熊猫奇妙课堂大熊猫的外形特征.md,大熊猫黑白相间的外表，有利于隐蔽在密林的树上和积雪的地面，也是一种警戒色。,熊猫知识
大熊猫黑白体色,警戒色,RELATED_TO,D:\panda\docs\熊猫知识\[202107281810]大熊猫奇妙课堂大熊猫的外形特征.md,大熊猫黑白相间的外表……也是一种警戒色。,熊猫知识
大熊猫,针毛和绒毛组成,RELATED_TO,D:\panda\docs\熊猫知识\[202107281810]大熊猫奇妙课堂大熊猫的外形特征.md,大熊猫的皮毛厚而粗，由针毛和绒毛组成，内层髓质厚，外层富含油脂，有良好的防潮、御寒作用。,熊猫知识
大熊猫,内层髓质厚,RELATED_TO,D:\panda\docs\熊猫知识\[202107281810]大熊猫奇妙课堂大熊猫的外形特征.md,大熊猫的皮毛厚而粗，由针毛和绒毛组成，内层髓质厚，外层富含油脂，有良好的防潮、御寒作用。,熊猫知识
大熊猫,外层富含油脂,RELATED_TO,D:\panda\docs\熊猫知识\[202107281810]大熊猫奇妙课堂大熊猫的外形特征.md,大熊猫的皮毛厚而粗，由针毛和绒毛组成，内层髓质厚，外层富含油脂，有良好的防潮、御寒作用。,熊猫知识
大熊猫皮毛,防潮、御寒,RELATED_TO,D:\panda\docs\熊猫知识\[202107281810]大熊猫奇妙课堂大熊猫的外形特征.md,大熊猫的皮毛厚而粗……有良好的防潮、御寒作用。,熊猫知识
大熊猫被毛,保温、防潮,RELATED_TO,D:\panda\docs\熊猫知识\[202107281810]大熊猫奇妙课堂大熊猫的外形特征.md,大熊猫被毛比较粗硬，且具有一定弹性，底层有绒毛。它的被毛具有良好的保温防潮作用，所以大熊猫可以在寒冷的雪地里正常生活。,熊猫知识
大熊猫,换毛现象随个体体况而异,RELATED_TO,D:\panda\docs\熊猫知识\[202107281810]大熊猫奇妙课堂大熊猫的外形特征.md,根据大熊猫个体的体况不同，存在不同时间的换毛现象。,熊猫知识
大熊猫黑眼圈,减弱入眼光线、吸收有害紫外线,RELATED_TO,D:\panda\docs\熊猫知识\[202107281810]大熊猫奇妙课堂大熊猫的外形特征.md,大熊猫天生视力差，有大大的黑眼圈，黑眼圈其实和人戴墨镜，是同一个道理，黑眼圈能减弱射入眼睛的光线，同时吸收能对眼睛造成伤害的紫外线。,熊猫知识
大熊猫黑眼圈,下树前看清地面以确认安全,RELATED_TO,D:\panda\docs\熊猫知识\[202107281810]大熊猫奇妙课堂大熊猫的外形特征.md,夏天，一般在树顶上过夜，早上醒来，树顶光照强，地面上光线弱……大熊猫借助黑眼圈阻止强光照射，避免刺激眼睛，下树活动前可以看清地面情况，确认安全才下树。,熊猫知识
大熊猫黑眼圈,遮挡雪地反射强光、避免眼睛受刺激,RELATED_TO,D:\panda\docs\熊猫知识\[202107281810]大熊猫奇妙课堂大熊猫的外形特征.md,冬天也是，白雪反射太阳光会刺激眼睛，有黑眼圈可以遮挡光线，避免眼睛受刺激。,熊猫知识
大熊猫,臼齿宽大、咀嚼面具釉质凸起和棱脊,RELATED_TO,D:\panda\docs\熊猫知识\[202107281810]大熊猫奇妙课堂大熊猫的外形特征.md,为了能够更好的咀嚼竹子，大熊猫的牙齿随着时间发生了很大的变化，现代的大熊猫臼齿宽大，咀嚼面上长了许多釉质凸起和棱脊，虽然仍保留了食肉祖先的犬齿，但因使用较少而逐步钝化。,熊猫知识
大熊猫,犬齿保留但钝化,RELATED_TO,D:\panda\docs\熊猫知识\[202107281810]大熊猫奇妙课堂大熊猫的外形特征.md,为了能够更好的咀嚼竹子……虽然仍保留了食肉祖先的犬齿，但因使用较少而逐步钝化。,熊猫知识
大熊猫,食肉目,RELATED_TO,D:\panda\docs\熊猫知识\[202107281810]大熊猫奇妙课堂大熊猫的外形特征.md,大熊猫分属食肉目，是因为它们拥有典型的食肉目动物的消化系统。,熊猫知识
大熊猫伪拇指,腕部籽骨特化,RELATED_TO,D:\panda\docs\熊猫知识\[202107281810]大熊猫奇妙课堂大熊猫的外形特征.md,当它们以食肉和杂食为生的时候，它们的确拥有非常明显的五个手指，但在之后的演化进程中，在大熊猫的前掌上慢慢多出一个类似“手指”的东西来……其实，大熊猫实际上的手指数量为五个，这个多出的“第六个手指”并非真正意义上的手指，而是由腕部籽骨特化而来，成了俗话说的“伪拇指”，主要起握住竹子的作用。,熊猫知识
大熊猫前掌第六结构,伪拇指,RELATED_TO,D:\panda\docs\熊猫知识\[202107281810]大熊猫奇妙课堂大熊猫的外形特征.md,其实，大熊猫实际上的手指数量为五个，这个多出的“第六个手指”并非真正意义上的手指，而是由腕部籽骨特化而来，成了俗话说的“伪拇指”，主要起握住竹子的作用。,熊猫知识
大熊猫伪拇指,握住竹子,RELATED_TO,D:\panda\docs\熊猫知识\[202107281810]大熊猫奇妙课堂大熊猫的外形特征.md,其实，大熊猫实际上的手指数量为五个……主要起握住竹子的作用。,熊猫知识
大熊猫伪拇指,无骨肉垫,RELATED_TO,D:\panda\docs\熊猫知识\[202107281810]大熊猫奇妙课堂大熊猫的外形特征.md,说是“骨”，其实这是一个没有骨头的肉垫，这个肉垫是长不出指甲的，不过却有着大拇指的灵活，它可以和熊猫前掌五个手指实现对握。,熊猫知识
大熊猫伪拇指,对握,RELATED_TO,D:\panda\docs\熊猫知识\[202107281810]大熊猫奇妙课堂大熊猫的外形特征.md,说是“骨”，其实这是一个没有骨头的肉垫……它可以和熊猫前掌五个手指实现对握。,熊猫知识
大熊猫尾巴,白色,RELATED_TO,D:\panda\docs\熊猫知识\[202107281810]大熊猫奇妙课堂大熊猫的外形特征.md,大熊猫的尾巴是白色的。,熊猫知识
大熊猫,尾巴很短,RELATED_TO,D:\panda\docs\熊猫知识\[202107281810]大熊猫奇妙课堂大熊猫的外形特征.md,大熊猫的尾巴很短，肛周区有一块无毛区域，该区域的腺体丰富，尾巴的其余部分毛比较蓬松，毛茸茸的。,熊猫知识
大熊猫,肛周区无毛且腺体丰富,RELATED_TO,D:\panda\docs\熊猫知识\[202107281810]大熊猫奇妙课堂大熊猫的外形特征.md,大熊猫的尾巴很短，肛周区有一块无毛区域，该区域的腺体丰富，尾巴的其余部分毛比较蓬松，毛茸茸的。,熊猫知识
大熊猫尾巴,紧贴身体、作为腺区/肛门/外阴保护盖,RELATED_TO,D:\panda\docs\熊猫知识\[202107281810]大熊猫奇妙课堂大熊猫的外形特征.md,尾巴通常紧贴着身体，成为腺区、肛门和外阴的保护盖。,熊猫知识
大熊猫尾巴,用尾巴刷涂分泌物进行信息标记,RELATED_TO,D:\panda\docs\熊猫知识\[202107281810]大熊猫奇妙课堂大熊猫的外形特征.md,当尾腺、肛周腺和外阴有分泌物排出时，大熊猫可以把尾巴当作刷子，四处标记信息。,熊猫知识
内八字行走,减少能量消耗,RELATED_TO,D:\panda\docs\熊猫知识\[202108021457]大熊猫奇妙课堂大熊猫的行为特征.md,大熊猫是用内八字行走的，这种动作有利于减少能量消耗，以适应竹子这种低能量的食物。,熊猫知识
大熊猫,一半时间,RELATED_TO,D:\panda\docs\熊猫知识\[202108021457]大熊猫奇妙课堂大熊猫的行为特征.md,大熊猫每天约有一半时间在进食，另一半时间则是在睡梦中度过。,熊猫知识
大熊猫,2-4 个小时,RELATED_TO,D:\panda\docs\熊猫知识\[202108021457]大熊猫奇妙课堂大熊猫的行为特征.md,在野外，大熊猫每次进食过后会睡上 2-4 个小时，睡醒后再继续进食；,熊猫知识
饲养员喂食时间,动物园环境,RELATED_TO,D:\panda\docs\熊猫知识\[202108021457]大熊猫奇妙课堂大熊猫的行为特征.md,在动物园里，除了饲养员每天给它们喂食的时间外，其余的时间大熊猫都会选择休息。,熊猫知识
大熊猫,冬眠,RELATED_TO,D:\panda\docs\熊猫知识\[202108021457]大熊猫奇妙课堂大熊猫的行为特征.md,但是大熊猫并不像其他熊一样有着冬眠的习性，在严冬的时候，它们依旧会在雪地中寻找食物。,熊猫知识
大熊猫,幼年阶段,RELATED_TO,D:\panda\docs\熊猫知识\[202108021457]大熊猫奇妙课堂大熊猫的行为特征.md,熊猫妈妈会在孩子小时候教它们如何爬树以保证自己的生存安全。,熊猫知识
爪子嵌入树干与树干凹凸不平,控制身体平衡,RELATED_TO,D:\panda\docs\熊猫知识\[202108021457]大熊猫奇妙课堂大熊猫的行为特征.md,大熊猫的爪子非常锋利，可以嵌入树干，而树干表面凹凸不平，使大熊猫能够在爬树上行的过程中牢牢地抓住树干，控制自己的身体平衡，更快地爬上去。,熊猫知识
爬树,平路行走速度,RELATED_TO,D:\panda\docs\熊猫知识\[202108021457]大熊猫奇妙课堂大熊猫的行为特征.md,很多大熊猫爬树非常快，比在平路上走路快得多。,熊猫知识
气味标记,同类间交流,RELATED_TO,D:\panda\docs\熊猫知识\[202108021457]大熊猫奇妙课堂大熊猫的行为特征.md,大熊猫常年生活在树木茂密的高山上或薄雾弥漫的竹林里，同类是非常少见的，为此，大熊猫主要通过气味标记来实现同类间的交流。,熊猫知识
主动走开,非发情季节,RELATED_TO,D:\panda\docs\熊猫知识\[202108021457]大熊猫奇妙课堂大熊猫的行为特征.md,在非发情季节，它们一旦闻到陌生大熊猫的气味，便会主动走开；,熊猫知识
雌性大熊猫留下气味标记,发情季节,RELATED_TO,D:\panda\docs\熊猫知识\[202108021457]大熊猫奇妙课堂大熊猫的行为特征.md,在发情季节，雌性大熊猫会留下气味标记，表示她已经做好交配的准备，并且希望有雄性大熊猫前来。,熊猫知识
气味标记,声音交流,RELATED_TO,D:\panda\docs\熊猫知识\[202108021457]大熊猫奇妙课堂大熊猫的行为特征.md,在大熊猫找到彼此后，便会转为声音交流，大熊猫依靠它们丰富的“语言”来表达求偶、生气等多种情绪。,熊猫知识
大熊猫,游泳,RELATED_TO,D:\panda\docs\熊猫知识\[202108021457]大熊猫奇妙课堂大熊猫的行为特征.md,大熊猫生活在高山地区，周边只有小溪、小河，几乎不用游泳就能顺利通过，所以很少有人拍到大熊猫游泳的画面，但其实大熊猫也会游泳。,熊猫知识
身上沾水或涉水后,抖水,RELATED_TO,D:\panda\docs\熊猫知识\[202108021457]大熊猫奇妙课堂大熊猫的行为特征.md,如果身上沾了水或者过河涉水之后，也会像其他动物一样把身上的水抖掉。,熊猫知识
醉水,饮水过度,RELATED_TO,D:\panda\docs\熊猫知识\[202108021457]大熊猫奇妙课堂大熊猫的行为特征.md,大熊猫会长途跋涉寻找清净的水源，在饮水过度时它们会腹胀如鼓，行似醉汉，走路蹒跚或躺在水边，这就是民间传说中大熊猫的“醉水”习性。,熊猫知识
大熊猫,腹胀如鼓，行似醉汉，走路蹒跚或躺在水边,RELATED_TO,D:\panda\docs\熊猫知识\[202108021457]大熊猫奇妙课堂大熊猫的行为特征.md,大熊猫会长途跋涉寻找清净的水源，在饮水过度时它们会腹胀如鼓，行似醉汉，走路蹒跚或躺在水边，这就是民间传说中大熊猫的“醉水”习性。,熊猫知识
野生大熊猫,12-18公斤,RELATED_TO,D:\panda\docs\熊猫知识\[202108031645]大熊猫奇妙课堂野生大熊猫的食性.md,每天要进食竹子12-18公斤或10-14公斤竹叶或约40公斤的竹笋,熊猫知识
野生大熊猫,10-14公斤,RELATED_TO,D:\panda\docs\熊猫知识\[202108031645]大熊猫奇妙课堂野生大熊猫的食性.md,每天要进食竹子12-18公斤或10-14公斤竹叶或约40公斤的竹笋,熊猫知识
野生大熊猫,约40公斤,RELATED_TO,D:\panda\docs\熊猫知识\[202108031645]大熊猫奇妙课堂野生大熊猫的食性.md,每天要进食竹子12-18公斤或10-14公斤竹叶或约40公斤的竹笋,熊猫知识
野生大熊猫,17%,RELATED_TO,D:\panda\docs\熊猫知识\[202108031645]大熊猫奇妙课堂野生大熊猫的食性.md,大熊猫还保留着肉食动物的消化道，它对竹子干物质的消化率只有约为17%,熊猫知识
野生大熊猫,60%,RELATED_TO,D:\panda\docs\熊猫知识\[202108031645]大熊猫奇妙课堂野生大熊猫的食性.md,大熊猫在休息时间都需要大约60%的热量维持身体的基本功能,熊猫知识
野生大熊猫,近一半的时间,RELATED_TO,D:\panda\docs\熊猫知识\[202108031645]大熊猫奇妙课堂野生大熊猫的食性.md,大熊猫每天需要花费近一半的时间来进食,熊猫知识
野生大熊猫,溪涧流水附近,RELATED_TO,D:\panda\docs\熊猫知识\[202108031645]大熊猫奇妙课堂野生大熊猫的食性.md,大多数野生大熊猫都会在溪涧流水附近寻找住处，以便饮水，它们每天至少饮水一次,熊猫知识
野生大熊猫,每天至少饮水一次,RELATED_TO,D:\panda\docs\熊猫知识\[202108031645]大熊猫奇妙课堂野生大熊猫的食性.md,大多数野生大熊猫都会在溪涧流水附近寻找住处，以便饮水，它们每天至少饮水一次,熊猫知识
野生大熊猫,水资源,RELATED_TO,D:\panda\docs\熊猫知识\[202108031645]大熊猫奇妙课堂野生大熊猫的食性.md,因而在那些食物丰富却缺乏水资源的地方，难以找到大熊猫的身影,熊猫知识
野生大熊猫,舔吸,RELATED_TO,D:\panda\docs\熊猫知识\[202108031645]大熊猫奇妙课堂野生大熊猫的食性.md,大熊猫取水总是求近舍远，它们到了溪边，会以舔吸的方式饮水,熊猫知识
野生大熊猫,击碎薄冰,RELATED_TO,D:\panda\docs\熊猫知识\[202108031645]大熊猫奇妙课堂野生大熊猫的食性.md,若溪水结薄冰或被沙石填没，则用前掌将冰击碎或用爪子挖一个浅坑舔饮,熊猫知识
野生大熊猫,挖浅坑舔饮,RELATED_TO,D:\panda\docs\熊猫知识\[202108031645]大熊猫奇妙课堂野生大熊猫的食性.md,若溪水结薄冰或被沙石填没，则用前掌将冰击碎或用爪子挖一个浅坑舔饮,熊猫知识
野生大熊猫,竹鼠,RELATED_TO,D:\panda\docs\熊猫知识\[202108031645]大熊猫奇妙课堂野生大熊猫的食性.md,竹鼠……专吃箭竹的地下根，使箭竹枯死。竹鼠的肉鲜嫩可口、营养丰富……它是大熊猫食物的竞争者，有互相争取食物空间的行为或捕杀和嬉戏行为。,熊猫知识
竹鼠,箭竹地下根,RELATED_TO,D:\panda\docs\熊猫知识\[202108031645]大熊猫奇妙课堂野生大熊猫的食性.md,竹鼠……专吃箭竹的地下根，使箭竹枯死。竹鼠的肉鲜嫩可口、营养丰富……它是大熊猫食物的竞争者，有互相争取食物空间的行为或捕杀和嬉戏行为。,熊猫知识
野生大熊猫,闻气味,RELATED_TO,D:\panda\docs\熊猫知识\[202108031645]大熊猫奇妙课堂野生大熊猫的食性.md,一旦闻到竹鼠的气味或发现其踪迹，大熊猫很快就能找到它的洞穴,熊猫知识
野生大熊猫,发现踪迹,RELATED_TO,D:\panda\docs\熊猫知识\[202108031645]大熊猫奇妙课堂野生大熊猫的食性.md,一旦闻到竹鼠的气味或发现其踪迹，大熊猫很快就能找到它的洞穴,熊猫知识
野生大熊猫,向洞内喷气,RELATED_TO,D:\panda\docs\熊猫知识\[202108031645]大熊猫奇妙课堂野生大熊猫的食性.md,然后用嘴向洞里喷气，并用前爪使劲拍打，迫使竹鼠慌忙出逃，大熊猫再趁机一跃而上，用前爪按住竹鼠，抓到之后，撕去鼠皮，尽食其肉。,熊猫知识
野生大熊猫,前爪拍打洞口,RELATED_TO,D:\panda\docs\熊猫知识\[202108031645]大熊猫奇妙课堂野生大熊猫的食性.md,然后用嘴向洞里喷气，并用前爪使劲拍打，迫使竹鼠慌忙出逃，大熊猫再趁机一跃而上，用前爪按住竹鼠，抓到之后，撕去鼠皮，尽食其肉。,熊猫知识
野生大熊猫,扑跃捕鼠,RELATED_TO,D:\panda\docs\熊猫知识\[202108031645]大熊猫奇妙课堂野生大熊猫的食性.md,然后用嘴向洞里喷气，并用前爪使劲拍打，迫使竹鼠慌忙出逃，大熊猫再趁机一跃而上，用前爪按住竹鼠，抓到之后，撕去鼠皮，尽食其肉。,熊猫知识
野生大熊猫,前爪按住竹鼠,RELATED_TO,D:\panda\docs\熊猫知识\[202108031645]大熊猫奇妙课堂野生大熊猫的食性.md,然后用嘴向洞里喷气，并用前爪使劲拍打，迫使竹鼠慌忙出逃，大熊猫再趁机一跃而上，用前爪按住竹鼠，抓到之后，撕去鼠皮，尽食其肉。,熊猫知识
野生大熊猫,撕去鼠皮,RELATED_TO,D:\panda\docs\熊猫知识\[202108031645]大熊猫奇妙课堂野生大熊猫的食性.md,然后用嘴向洞里喷气，并用前爪使劲拍打，迫使竹鼠慌忙出逃，大熊猫再趁机一跃而上，用前爪按住竹鼠，抓到之后，撕去鼠皮，尽食其肉。,熊猫知识
野生大熊猫,尽食其肉,RELATED_TO,D:\panda\docs\熊猫知识\[202108031645]大熊猫奇妙课堂野生大熊猫的食性.md,然后用嘴向洞里喷气，并用前爪使劲拍打，迫使竹鼠慌忙出逃，大熊猫再趁机一跃而上，用前爪按住竹鼠，抓到之后，撕去鼠皮，尽食其肉。,熊猫知识
野生大熊猫,挖洞抄家,RELATED_TO,D:\panda\docs\熊猫知识\[202108031645]大熊猫奇妙课堂野生大熊猫的食性.md,如果竹鼠不出洞，大熊猫就会挖洞抄家，直到最终将竹鼠捕获。,熊猫知识
巴山木竹,岷山山系,RELATED_TO,D:\panda\docs\熊猫知识\[202108031645]大熊猫奇妙课堂野生大熊猫的食性.md,不同山系的野生大熊猫，喜欢的竹子种类也有差异。岷山山系的喜欢巴山木竹、刺竹等；邛崃山山系的主要采食冷箭竹、华西箭竹等；大小凉山山系的主要食谱只有5种，如玉山竹、丰实箭竹等；秦岭山系的则喜欢吃华桔竹、巴山木竹等。,熊猫知识
冷箭竹,邛崃山山系,RELATED_TO,D:\panda\docs\熊猫知识\[202108031645]大熊猫奇妙课堂野生大熊猫的食性.md,不同山系的野生大熊猫，喜欢的竹子种类也有差异。岷山山系的喜欢巴山木竹、刺竹等；邛崃山山系的主要采食冷箭竹、华西箭竹等；大小凉山山系的主要食谱只有5种，如玉山竹、丰实箭竹等；秦岭山系的则喜欢吃华桔竹、巴山木竹等。,熊猫知识
华西箭竹,邛崃山山系,RELATED_TO,D:\panda\docs\熊猫知识\[202108031645]大熊猫奇妙课堂野生大熊猫的食性.md,不同山系的野生大熊猫，喜欢的竹子种类也有差异。岷山山系的喜欢巴山木竹、刺竹等；邛崃山山系的主要采食冷箭竹、华西箭竹等；大小凉山山系的主要食谱只有5种，如玉山竹、丰实箭竹等；秦岭山系的则喜欢吃华桔竹、巴山木竹等。,熊猫知识
玉山竹,大小凉山山系,RELATED_TO,D:\panda\docs\熊猫知识\[202108031645]大熊猫奇妙课堂野生大熊猫的食性.md,不同山系的野生大熊猫，喜欢的竹子种类也有差异。岷山山系的喜欢巴山木竹、刺竹等；邛崃山山系的主要采食冷箭竹、华西箭竹等；大小凉山山系的主要食谱只有5种，如玉山竹、丰实箭竹等；秦岭山系的则喜欢吃华桔竹、巴山木竹等。,熊猫知识
丰实箭竹,大小凉山山系,RELATED_TO,D:\panda\docs\熊猫知识\[202108031645]大熊猫奇妙课堂野生大熊猫的食性.md,不同山系的野生大熊猫，喜欢的竹子种类也有差异。岷山山系的喜欢巴山木竹、刺竹等；邛崃山山系的主要采食冷箭竹、华西箭竹等；大小凉山山系的主要食谱只有5种，如玉山竹、丰实箭竹等；秦岭山系的则喜欢吃华桔竹、巴山木竹等。,熊猫知识
华桔竹,秦岭山系,RELATED_TO,D:\panda\docs\熊猫知识\[202108031645]大熊猫奇妙课堂野生大熊猫的食性.md,不同山系的野生大熊猫，喜欢的竹子种类也有差异。岷山山系的喜欢巴山木竹、刺竹等；邛崃山山系的主要采食冷箭竹、华西箭竹等；大小凉山山系的主要食谱只有5种，如玉山竹、丰实箭竹等；秦岭山系的则喜欢吃华桔竹、巴山木竹等。,熊猫知识
野生大熊猫可食用竹类,700m-3500m,RELATED_TO,D:\panda\docs\熊猫知识\[202108031645]大熊猫奇妙课堂野生大熊猫的食性.md,这些竹子主要生长在亚高山暗针叶林、山地暗针叶林、山地针阔叶混交及山地常绿阔叶林的林冠下，分布海拔从700m-3500m不等。,熊猫知识
大熊猫,纤维素,RELATED_TO,D:\panda\docs\熊猫知识\[202108101754]大熊猫奇妙课堂大熊猫的粪便青团.md,大熊猫体内没有分解纤维素、木质素的酶,熊猫知识
大熊猫,木质素,RELATED_TO,D:\panda\docs\熊猫知识\[202108101754]大熊猫奇妙课堂大熊猫的粪便青团.md,大熊猫体内没有分解纤维素、木质素的酶,熊猫知识
大熊猫,20%多,RELATED_TO,D:\panda\docs\熊猫知识\[202108101754]大熊猫奇妙课堂大熊猫的粪便青团.md,大熊猫胃肠功能不太好，只能吸收食物中20%多的养分,熊猫知识
大熊猫,半纤维素,RELATED_TO,D:\panda\docs\熊猫知识\[202108101754]大熊猫奇妙课堂大熊猫的粪便青团.md,大熊猫只吸吮竹壁细胞的内含物，消化小部分的半纤维素,熊猫知识
大熊猫,竹壁细胞的内含物,RELATED_TO,D:\panda\docs\熊猫知识\[202108101754]大熊猫奇妙课堂大熊猫的粪便青团.md,大熊猫只吸吮竹壁细胞的内含物,熊猫知识
大熊猫,竹渣,RELATED_TO,D:\panda\docs\熊猫知识\[202108101754]大熊猫奇妙课堂大熊猫的粪便青团.md,大熊猫不吐出竹渣,熊猫知识
大熊猫粪便,大熊猫,RELATED_TO,D:\panda\docs\熊猫知识\[202108101754]大熊猫奇妙课堂大熊猫的粪便青团.md,大熊猫粪便被称为“青团”,熊猫知识
大熊猫粪便,竹子、竹笋的残渣,RELATED_TO,D:\panda\docs\熊猫知识\[202108101754]大熊猫奇妙课堂大熊猫的粪便青团.md,大熊猫粪便的主要成分为竹子、竹笋的残渣,熊猫知识
大熊猫,掰断竹子,RELATED_TO,D:\panda\docs\熊猫知识\[202108101754]大熊猫奇妙课堂大熊猫的粪便青团.md,大熊猫吃竹子的时候，会总是先把竹子掰断，然后把一段竹子咬成几小节，再咀嚼,熊猫知识
大熊猫,咬成几小节,RELATED_TO,D:\panda\docs\熊猫知识\[202108101754]大熊猫奇妙课堂大熊猫的粪便青团.md,大熊猫吃竹子的时候，会总是先把竹子掰断，然后把一段竹子咬成几小节，再咀嚼,熊猫知识
大熊猫,咀嚼,RELATED_TO,D:\panda\docs\熊猫知识\[202108101754]大熊猫奇妙课堂大熊猫的粪便青团.md,大熊猫吃竹子的时候，会总是先把竹子掰断，然后把一段竹子咬成几小节，再咀嚼,熊猫知识
大熊猫,吸吮竹壁细胞的内含物,RELATED_TO,D:\panda\docs\熊猫知识\[202108101754]大熊猫奇妙课堂大熊猫的粪便青团.md,大熊猫吃竹子的时候……它们只吸吮竹壁细胞的内含物，消化小部分的半纤维素,熊猫知识
粪便中竹节纤维长度,咬节长短,RELATED_TO,D:\panda\docs\熊猫知识\[202108101754]大熊猫奇妙课堂大熊猫的粪便青团.md,由于每只大熊猫吃竹子时的咬节长短不同，所以遗留在它们粪便中的竹节纤维的长短也不尽相同,熊猫知识
大熊猫,竹笋,RELATED_TO,D:\panda\docs\熊猫知识\[202108101754]大熊猫奇妙课堂大熊猫的粪便青团.md,有时也会因吃的竹子部位不同，而产生不同颜色的粪便。比如，大熊猫吃竹笋后，粪便呈淡黄绿色；吃竹茎后，呈淡绿色；吃竹叶或竹枝后，呈绿色。,熊猫知识
大熊猫,竹茎,RELATED_TO,D:\panda\docs\熊猫知识\[202108101754]大熊猫奇妙课堂大熊猫的粪便青团.md,有时也会因吃的竹子部位不同，而产生不同颜色的粪便。比如，大熊猫吃竹笋后，粪便呈淡黄绿色；吃竹茎后，呈淡绿色；吃竹叶或竹枝后，呈绿色。,熊猫知识
大熊猫,竹叶,RELATED_TO,D:\panda\docs\熊猫知识\[202108101754]大熊猫奇妙课堂大熊猫的粪便青团.md,有时也会因吃的竹子部位不同，而产生不同颜色的粪便。比如，大熊猫吃竹笋后，粪便呈淡黄绿色；吃竹茎后，呈淡绿色；吃竹叶或竹枝后，呈绿色。,熊猫知识
大熊猫,竹枝,RELATED_TO,D:\panda\docs\熊猫知识\[202108101754]大熊猫奇妙课堂大熊猫的粪便青团.md,有时也会因吃的竹子部位不同，而产生不同颜色的粪便。比如，大熊猫吃竹笋后，粪便呈淡黄绿色；吃竹茎后，呈淡绿色；吃竹叶或竹枝后，呈绿色。,熊猫知识
大熊猫粪便,DNA信息,RELATED_TO,D:\panda\docs\熊猫知识\[202108101754]大熊猫奇妙课堂大熊猫的粪便青团.md,大熊猫粪便中还蕴含着大熊猫种群多样化数据，通过特殊仪器可以测得大熊猫的DNA信息,熊猫知识
雌性大熊猫,3-5月,RELATED_TO,D:\panda\docs\熊猫知识\[202108121750]大熊猫奇妙课堂生命的传承.md,雌性大熊猫每年发情一次，通常在每年的3-5月，每次只有2-5天。,熊猫知识
雌性大熊猫,2-5天,RELATED_TO,D:\panda\docs\熊猫知识\[202108121750]大熊猫奇妙课堂生命的传承.md,雌性大熊猫每年发情一次，通常在每年的3-5月，每次只有2-5天。,熊猫知识
雌性大熊猫,4岁左右,RELATED_TO,D:\panda\docs\熊猫知识\[202108121750]大熊猫奇妙课堂生命的传承.md,圈养条件下雌性大熊猫4岁左右，雄性大熊猫6岁左右进入性成熟，野生大熊猫性成熟稍晚。,熊猫知识
雄性大熊猫,6岁左右,RELATED_TO,D:\panda\docs\熊猫知识\[202108121750]大熊猫奇妙课堂生命的传承.md,圈养条件下雌性大熊猫4岁左右，雄性大熊猫6岁左右进入性成熟，野生大熊猫性成熟稍晚。,熊猫知识
成年雌雄大熊猫,气味标记,RELATED_TO,D:\panda\docs\熊猫知识\[202108121750]大熊猫奇妙课堂生命的传承.md,成年雌雄大熊猫相互间主要通过气味嗅觉（通过留下气味标记和嗅闻标记）的通讯方式逐渐聚集在一个地方并相互了解、相互吸引,熊猫知识
成年雌雄大熊猫,嗅闻标记,RELATED_TO,D:\panda\docs\熊猫知识\[202108121750]大熊猫奇妙课堂生命的传承.md,成年雌雄大熊猫相互间主要通过气味嗅觉（通过留下气味标记和嗅闻标记）的通讯方式逐渐聚集在一个地方并相互了解、相互吸引,熊猫知识
成年雌雄大熊猫,咩叫,RELATED_TO,D:\panda\docs\熊猫知识\[202108121750]大熊猫奇妙课堂生命的传承.md,到发情高潮时相互间通过连续不断的咩叫和鸟叫声以及待配姿势等听觉、视觉通讯方式表达爱意并达成配对交配。,熊猫知识
成年雌雄大熊猫,鸟叫声,RELATED_TO,D:\panda\docs\熊猫知识\[202108121750]大熊猫奇妙课堂生命的传承.md,到发情高潮时相互间通过连续不断的咩叫和鸟叫声以及待配姿势等听觉、视觉通讯方式表达爱意并达成配对交配。,熊猫知识
成年雌雄大熊猫,待配姿势,RELATED_TO,D:\panda\docs\熊猫知识\[202108121750]大熊猫奇妙课堂生命的传承.md,到发情高潮时相互间通过连续不断的咩叫和鸟叫声以及待配姿势等听觉、视觉通讯方式表达爱意并达成配对交配。,熊猫知识
大熊猫,多雄争配制,RELATED_TO,D:\panda\docs\熊猫知识\[202108121750]大熊猫奇妙课堂生命的传承.md,大熊猫是属于多雄争配制，自然环境中，公兽为争夺配偶相斗十分激烈，获胜者才能取得交配权。,熊猫知识
雄性大熊猫,2-5只,RELATED_TO,D:\panda\docs\熊猫知识\[202108121750]大熊猫奇妙课堂生命的传承.md,在大熊猫交配场地有时有多达2-5只雄性大熊猫通过打斗竞争并先后都与同一雌性大熊猫成功交配的情况,熊猫知识
雄性大熊猫,打斗竞争,RELATED_TO,D:\panda\docs\熊猫知识\[202108121750]大熊猫奇妙课堂生命的传承.md,在大熊猫交配场地有时有多达2-5只雄性大熊猫通过打斗竞争并先后都与同一雌性大熊猫成功交配的情况,熊猫知识
大熊猫,83-324天,RELATED_TO,D:\panda\docs\熊猫知识\[202108121750]大熊猫奇妙课堂生命的传承.md,大熊猫妊娠期为83-324天,熊猫知识
大熊猫,树洞,RELATED_TO,D:\panda\docs\熊猫知识\[202108121750]大熊猫奇妙课堂生命的传承.md,幼仔出生的巢穴通常是一个隐蔽的树洞，或天然的岩洞,熊猫知识
大熊猫,岩洞,RELATED_TO,D:\panda\docs\熊猫知识\[202108121750]大熊猫奇妙课堂生命的传承.md,幼仔出生的巢穴通常是一个隐蔽的树洞，或天然的岩洞,熊猫知识
大熊猫幼仔,约150克,RELATED_TO,D:\panda\docs\熊猫知识\[202108121750]大熊猫奇妙课堂生命的传承.md,初生幼仔体重很轻，约150克，仅是母亲体重的千分之一。,熊猫知识
大熊猫幼仔,千分之一,RELATED_TO,D:\panda\docs\熊猫知识\[202108121750]大熊猫奇妙课堂生命的传承.md,初生幼仔体重很轻，约150克，仅是母亲体重的千分之一。,熊猫知识
大熊猫幼仔,粉红色皮肤,RELATED_TO,D:\panda\docs\熊猫知识\[202108121750]大熊猫奇妙课堂生命的传承.md,刚出生的大熊猫皮肤是粉红色的，带有稀疏的白毛。,熊猫知识
大熊猫幼仔,稀疏白毛,RELATED_TO,D:\panda\docs\熊猫知识\[202108121750]大熊猫奇妙课堂生命的传承.md,刚出生的大熊猫皮肤是粉红色的，带有稀疏的白毛。,熊猫知识
雌性大熊猫,怀抱幼仔寸步不离,RELATED_TO,D:\panda\docs\熊猫知识\[202108121750]大熊猫奇妙课堂生命的传承.md,在它刚出生的几周里，大熊猫妈妈会一直将孩子抱在怀里，温暖它、保护它，几乎寸步不离，移动的时候就把它衔在嘴里。,熊猫知识
雌性大熊猫,衔幼仔于口中移动,RELATED_TO,D:\panda\docs\熊猫知识\[202108121750]大熊猫奇妙课堂生命的传承.md,在它刚出生的几周里，大熊猫妈妈会一直将孩子抱在怀里，温暖它、保护它，几乎寸步不离，移动的时候就把它衔在嘴里。,熊猫知识
雌性大熊猫,忽视或拒绝较弱双胞胎幼仔,RELATED_TO,D:\panda\docs\熊猫知识\[202108121750]大熊猫奇妙课堂生命的传承.md,在野外，如果出生的是双胞胎（圈养下，大熊猫产双胞胎比例近50%），大熊猫妈妈通常会忽视或拒绝较弱的一个，这能保证至少一只成活。,熊猫知识
大熊猫,50%,RELATED_TO,D:\panda\docs\熊猫知识\[202108121750]大熊猫奇妙课堂生命的传承.md,在野外，如果出生的是双胞胎（圈养下，大熊猫产双胞胎比例近50%），大熊猫妈妈通常会忽视或拒绝较弱的一个，这能保证至少一只成活。,熊猫知识
大熊猫幼仔,寻找食物和水源,RELATED_TO,D:\panda\docs\熊猫知识\[202108121750]大熊猫奇妙课堂生命的传承.md,大熊猫幼仔能从它们的妈妈那里学到很多东西：比如怎样寻找食物和水源，怎样躲避天敌，抵御疾病。,熊猫知识
大熊猫幼仔,躲避天敌,RELATED_TO,D:\panda\docs\熊猫知识\[202108121750]大熊猫奇妙课堂生命的传承.md,大熊猫幼仔能从它们的妈妈那里学到很多东西：比如怎样寻找食物和水源，怎样躲避天敌，抵御疾病。,熊猫知识
大熊猫幼仔,不同叫声对应不同生理需求,RELATED_TO,D:\panda\docs\熊猫知识\[202108121750]大熊猫奇妙课堂生命的传承.md,幼仔的叫声是母仔间联系非常重要的通讯工具，幼仔想吃奶、想排便、受冷或过热或其他原因的不适，幼仔都通过不同叫声提醒母兽满足其不同需要。,熊猫知识
大熊猫幼仔,120克左右,RELATED_TO,D:\panda\docs\熊猫知识\[202108121750]大熊猫奇妙课堂生命的传承.md,刚出生：初生大熊猫幼仔体重仅是它母亲体重的千分之一，平均体重仅120克左右，最轻的为51克，最重的为225克。,熊猫知识
大熊猫幼仔,51克,RELATED_TO,D:\panda\docs\熊猫知识\[202108121750]大熊猫奇妙课堂生命的传承.md,刚出生：初生大熊猫幼仔体重仅是它母亲体重的千分之一，平均体重仅120克左右，最轻的为51克，最重的为225克。,熊猫知识
大熊猫幼仔,225克,RELATED_TO,D:\panda\docs\熊猫知识\[202108121750]大熊猫奇妙课堂生命的传承.md,刚出生：初生大熊猫幼仔体重仅是它母亲体重的千分之一，平均体重仅120克左右，最轻的为51克，最重的为225克。,熊猫知识
大熊猫幼仔,肩带变黑,RELATED_TO,D:\panda\docs\熊猫知识\[202108121750]大熊猫奇妙课堂生命的传承.md,一到两周：肩带、四肢和耳朵渐渐变黑。,熊猫知识
大熊猫幼仔,四肢变黑,RELATED_TO,D:\panda\docs\熊猫知识\[202108121750]大熊猫奇妙课堂生命的传承.md,一到两周：肩带、四肢和耳朵渐渐变黑。,熊猫知识
大熊猫幼仔,耳朵变黑,RELATED_TO,D:\panda\docs\熊猫知识\[202108121750]大熊猫奇妙课堂生命的传承.md,一到两周：肩带、四肢和耳朵渐渐变黑。,熊猫知识
大熊猫幼仔,黑白相间毛色,RELATED_TO,D:\panda\docs\熊猫知识\[202108121750]大熊猫奇妙课堂生命的传承.md,一个月：长出黑白相间的毛，变得更像妈妈了。,熊猫知识
大熊猫幼仔,1~2公斤,RELATED_TO,D:\panda\docs\熊猫知识\[202108121750]大熊猫奇妙课堂生命的传承.md,一个月：体重1~2公斤，还不能行走。,熊猫知识
大熊猫幼仔,不能行走,RELATED_TO,D:\panda\docs\熊猫知识\[202108121750]大熊猫奇妙课堂生命的传承.md,一个月：体重1~2公斤，还不能行走。,熊猫知识
大熊猫幼仔,睁眼,RELATED_TO,D:\panda\docs\熊猫知识\[202108121750]大熊猫奇妙课堂生命的传承.md,六到八周：可以睁眼。,熊猫知识
大熊猫幼仔,爬动,RELATED_TO,D:\panda\docs\熊猫知识\[202108121750]大熊猫奇妙课堂生命的传承.md,三个月：可以慢慢的爬动了。,熊猫知识
大熊猫幼仔,自由行走,RELATED_TO,D:\panda\docs\熊猫知识\[202108121750]大熊猫奇妙课堂生命的传承.md,半岁：可以自由行走，开始学吃竹子。,熊猫知识
大熊猫幼仔,学吃竹子,RELATED_TO,D:\panda\docs\熊猫知识\[202108121750]大熊猫奇妙课堂生命的传承.md,半岁：可以自由行走，开始学吃竹子。,熊猫知识
大熊猫幼仔,恒牙萌出,RELATED_TO,D:\panda\docs\熊猫知识\[202108121750]大熊猫奇妙课堂生命的传承.md,一岁：开始长出恒牙。,熊猫知识
大熊猫幼仔,离开母亲独立生活,RELATED_TO,D:\panda\docs\熊猫知识\[202108121750]大熊猫奇妙课堂生命的传承.md,一岁半：离开母亲，独立生活。,熊猫知识
大熊猫,奶→竹类食性过渡,RELATED_TO,D:\panda\docs\熊猫知识\[202108121750]大熊猫奇妙课堂生命的传承.md,亚成年：一岁半到性成熟前为亚成年阶段……这一阶段大熊猫的食物从营养丰富的奶为主逐渐过渡到以高纤维、低营养的竹类为主。,熊猫知识
大熊猫,玩耍,1_3,D:\panda\docs\熊猫知识\[202108121750]大熊猫奇妙课堂生命的传承.md,大熊猫在1~3岁期间是最为活跃的时期，每天除了采食外，大部分时间都在玩耍、探索和爬树。,熊猫知识
大熊猫,探索,1_3,D:\panda\docs\熊猫知识\[202108121750]大熊猫奇妙课堂生命的传承.md,大熊猫在1~3岁期间是最为活跃的时期，每天除了采食外，大部分时间都在玩耍、探索和爬树。,熊猫知识
大熊猫,爬树,1_3,D:\panda\docs\熊猫知识\[202108121750]大熊猫奇妙课堂生命的传承.md,大熊猫在1~3岁期间是最为活跃的时期，每天除了采食外，大部分时间都在玩耍、探索和爬树。,熊猫知识
大熊猫,160~180厘米,RELATED_TO,D:\panda\docs\熊猫知识\[202108121750]大熊猫奇妙课堂生命的传承.md,成年：体长约160~180厘米，体重约80~150公斤。,熊猫知识
大熊猫,80~150公斤,RELATED_TO,D:\panda\docs\熊猫知识\[202108121750]大熊猫奇妙课堂生命的传承.md,成年：体长约160~180厘米，体重约80~150公斤。,熊猫知识
大熊猫,3-5月,RELATED_TO,D:\panda\docs\熊猫知识\[202108141030]大熊猫奇妙课堂攻克三难.md,大熊猫的发情期一般在每年的12月和来年的5月，主要集中在春季的3-5月。,熊猫知识
个别大熊猫,秋季,RELATED_TO,D:\panda\docs\熊猫知识\[202108141030]大熊猫奇妙课堂攻克三难.md,个别大熊猫在更换了生活环境以后，可能会出现秋季发情的现象。,熊猫知识
圈养条件,食物限制、生活环境单调、活动空间狭小,RELATED_TO,D:\panda\docs\熊猫知识\[202108141030]大熊猫奇妙课堂攻克三难.md,圈养大熊猫受到食物、生活环境等的限制……导致体质下降，缺乏活力，从而造成成年大熊猫难以发情。,熊猫知识
发情季节的大熊猫,做标记,RELATED_TO,D:\panda\docs\熊猫知识\[202108141030]大熊猫奇妙课堂攻克三难.md,发情季节的大熊猫通过做标记的方法传递出求偶的信号。,熊猫知识
中国大熊猫保护研究中心,相邻圈舍培养感情与相互串圈,RELATED_TO,D:\panda\docs\熊猫知识\[202108141030]大熊猫奇妙课堂攻克三难.md,将发情的雌、雄大熊猫放到相邻的圈舍培养感情，同时相互串圈，通过对方留下的气味刺激发情。,熊猫知识
雌性大熊猫,1-2天,RELATED_TO,D:\panda\docs\熊猫知识\[202108141030]大熊猫奇妙课堂攻克三难.md,雌性大熊猫每年的最佳受孕时间一般只有1-2天。,熊猫知识
大熊猫,1-2只,RELATED_TO,D:\panda\docs\熊猫知识\[202108141030]大熊猫奇妙课堂攻克三难.md,大熊猫一胎一般产1-2只幼仔，单胎和双胞胎的概率各占一半。,熊猫知识
大熊猫,单胎和双胞胎各占50%,RELATED_TO,D:\panda\docs\熊猫知识\[202108141030]大熊猫奇妙课堂攻克三难.md,大熊猫一胎一般产1-2只幼仔，单胎和双胞胎的概率各占一半。,熊猫知识
雌性大熊猫,3-5个月,RELATED_TO,D:\panda\docs\熊猫知识\[202108141030]大熊猫奇妙课堂攻克三难.md,雌性大熊猫从完成配种到产出幼仔，需3-5个月。,熊猫知识
大熊猫受精卵,约40天,RELATED_TO,D:\panda\docs\熊猫知识\[202108141030]大熊猫奇妙课堂攻克三难.md,大熊猫受精卵形成之后一直在子宫内游荡，直到生育前大约40天才着床开始发育。,熊猫知识
大熊猫幼仔,约150克,RELATED_TO,D:\panda\docs\熊猫知识\[202108141030]大熊猫奇妙课堂攻克三难.md,刚出生的大熊猫幼仔是名副其实的“早产儿”，体重约150克，许多器官都没有发育完全，极难成活。,熊猫知识
大熊猫幼仔,器官未发育完全,RELATED_TO,D:\panda\docs\熊猫知识\[202108141030]大熊猫奇妙课堂攻克三难.md,刚出生的大熊猫幼仔是名副其实的“早产儿”，体重约150克，许多器官都没有发育完全，极难成活。,熊猫知识
雌性大熊猫,弃仔行为（选择一只、放弃一只，或全部不带）,RELATED_TO,D:\panda\docs\熊猫知识\[202108141030]大熊猫奇妙课堂攻克三难.md,大熊猫妈妈生下双胞胎后，大多选择一只，放弃一只，有的甚至一只都不带。,熊猫知识
哺育期雌性大熊猫,攻击饲养员,RELATED_TO,D:\panda\docs\熊猫知识\[202108141030]大熊猫奇妙课堂攻克三难.md,哺育期的大熊猫妈妈一般母性很强，为了保护幼仔，不惜攻击饲养员。,熊猫知识
中国大熊猫保护研究中心,后肢力量训练,RELATED_TO,D:\panda\docs\熊猫知识\[202108141030]大熊猫奇妙课堂攻克三难.md,用食物进行后肢力量的训练是培训种公兽常用的方法之一，有利于它们在自然交配时一展雄风。,熊猫知识
中国大熊猫保护研究中心,仿生育幼,RELATED_TO,D:\panda\docs\熊猫知识\[202108141030]大熊猫奇妙课堂攻克三难.md,通过模仿母兽育幼环境开展人工育幼。,熊猫知识
中国大熊猫保护研究中心工作人员,母乳采集与幼仔调换,RELATED_TO,D:\panda\docs\熊猫知识\[202108141030]大熊猫奇妙课堂攻克三难.md,工作人员从产仔母兽那里采集母乳饲喂，并且定期地将育幼室的幼仔与母亲身边的幼仔进行调换，确保每个幼仔都能平等地得到妈妈的哺育。,熊猫知识
圈养大熊猫,苹果、胡萝卜、牛奶,RELATED_TO,D:\panda\docs\熊猫知识\[202108141030]大熊猫奇妙课堂攻克三难.md,圈养大熊猫的主食是竹子，通过增加人工配合饲养和果蔬饲料，加强补充微量元素、蛋白质等营养成分……除了竹子之外，同时也会给圈养大熊猫提供少量的苹果、胡萝卜等饭后甜点，幼年时期还会提供牛奶。,熊猫知识
中国大熊猫保护研究中心,少吃多餐与增加活动量,RELATED_TO,D:\panda\docs\熊猫知识\[202108141030]大熊猫奇妙课堂攻克三难.md,采用少吃多餐、增加活动量等方法，有助于强健体魄。,熊猫知识
大熊猫幼仔,150克,RELATED_TO,D:\panda\docs\熊猫知识\[202108171855]大熊猫奇妙课堂幼年大熊猫成长记.md,刚出生的大熊猫幼仔体重很小，只有150克左右,熊猫知识
大熊猫幼仔,两小时,RELATED_TO,D:\panda\docs\熊猫知识\[202108171855]大熊猫奇妙课堂幼年大熊猫成长记.md,幼仔在降生两小时后就会需要吸取初乳,熊猫知识
大熊猫初乳,淡绿色，像竹叶的汁液,RELATED_TO,D:\panda\docs\熊猫知识\[202108171855]大熊猫奇妙课堂幼年大熊猫成长记.md,初乳呈淡绿色，像竹叶的汁液,熊猫知识
雄性大熊猫幼仔,20日龄,RELATED_TO,D:\panda\docs\熊猫知识\[202108171855]大熊猫奇妙课堂幼年大熊猫成长记.md,20日龄之后的雄性大熊猫幼仔的睾丸会逐渐发育长大，这时只要用手指触诊两侧鼠蹊部就能辨别出它是不是雄性了,熊猫知识
大熊猫幼仔,十余次，15毫升,RELATED_TO,D:\panda\docs\熊猫知识\[202108171855]大熊猫奇妙课堂幼年大熊猫成长记.md,刚出生时它们每天约吸乳十余次，总量在15毫升左右,熊猫知识
大熊猫幼仔,100-300毫升，一至两次,3,D:\panda\docs\熊猫知识\[202108171855]大熊猫奇妙课堂幼年大熊猫成长记.md,3个月后，它们的胃口大了一次可以吃100-300毫升，每天进食次数也少了，只要一至两次就够了,熊猫知识
大熊猫幼仔,半岁左右,RELATED_TO,D:\panda\docs\熊猫知识\[202108171855]大熊猫奇妙课堂幼年大熊猫成长记.md,它们最喜欢的竹子，要到半岁左右才会开始学着吃,熊猫知识
大熊猫幼仔,2月龄之后,RELATED_TO,D:\panda\docs\熊猫知识\[202108171855]大熊猫奇妙课堂幼年大熊猫成长记.md,在大熊猫幼仔2月龄之后就可以自己爬动了,熊猫知识
大熊猫幼仔,4月龄左右,RELATED_TO,D:\panda\docs\熊猫知识\[202108171855]大熊猫奇妙课堂幼年大熊猫成长记.md,到4月龄左右才算是真正能够走动,熊猫知识
大熊猫幼仔,一周后,RELATED_TO,D:\panda\docs\熊猫知识\[202108171855]大熊猫奇妙课堂幼年大熊猫成长记.md,哺乳一周后，稀疏的被毛会变密变长，肩带、四肢和耳朵渐渐变黑,熊猫知识
大熊猫幼仔,一月时,RELATED_TO,D:\panda\docs\熊猫知识\[202108171855]大熊猫奇妙课堂幼年大熊猫成长记.md,发育到一月时，身上的被毛已经黑白分明了,熊猫知识
大熊猫幼仔,44日龄,RELATED_TO,D:\panda\docs\熊猫知识\[202108171855]大熊猫奇妙课堂幼年大熊猫成长记.md,直到44日龄胎毛才会脱落,熊猫知识
大熊猫幼仔,两周时,RELATED_TO,D:\panda\docs\熊猫知识\[202108171855]大熊猫奇妙课堂幼年大熊猫成长记.md,大概两周的时候开始长乳牙,熊猫知识
大熊猫幼仔,三到四岁,RELATED_TO,D:\panda\docs\熊猫知识\[202108171855]大熊猫奇妙课堂幼年大熊猫成长记.md,三到四岁长出恒牙,熊猫知识
大熊猫幼仔,第5天,RELATED_TO,D:\panda\docs\熊猫知识\[202108171855]大熊猫奇妙课堂幼年大熊猫成长记.md,出生后的前3天因为失水以及不适应的原因，它们的体重会比刚出生还低，从第5天开始增长,熊猫知识
大熊猫幼仔,1.2千克，10倍,1,D:\panda\docs\熊猫知识\[202108171855]大熊猫奇妙课堂幼年大熊猫成长记.md,1月龄时体重会达到1.2千克左右，约为出生时的10倍,熊猫知识
大熊猫幼仔,36克/日,RELATED_TO,D:\panda\docs\熊猫知识\[202108171855]大熊猫奇妙课堂幼年大熊猫成长记.md,第一个月每日平均增重约36克,熊猫知识
大熊猫幼仔,74-80克/日,2_6,D:\panda\docs\熊猫知识\[202108171855]大熊猫奇妙课堂幼年大熊猫成长记.md,第2个月至第6个月日均增重为74-80克,熊猫知识
大熊猫幼仔,约3岁,RELATED_TO,D:\panda\docs\熊猫知识\[202108171855]大熊猫奇妙课堂幼年大熊猫成长记.md,一直生长到约3岁时，就已经和成年大熊猫没有差别了,熊猫知识
大熊猫幼仔,寒冷,RELATED_TO,D:\panda\docs\熊猫知识\[202108171855]大熊猫奇妙课堂幼年大熊猫成长记.md,当幼仔发出尖叫时代表它感觉到寒冷，妈妈会立刻调整姿势保证它被自己遮挡住了,熊猫知识
大熊猫幼仔,舒服,RELATED_TO,D:\panda\docs\熊猫知识\[202108171855]大熊猫奇妙课堂幼年大熊猫成长记.md,当幼仔呱呱叫时代表它感觉很舒服，妈妈会一直保持这个体位,熊猫知识
大熊猫幼仔,饥饿,RELATED_TO,D:\panda\docs\熊猫知识\[202108171855]大熊猫奇妙课堂幼年大熊猫成长记.md,当幼仔连续尖叫时代表它饿了，需要妈妈喂食母乳,熊猫知识
大熊猫幼仔,躲避天敌,RELATED_TO,D:\panda\docs\熊猫知识\[202108171855]大熊猫奇妙课堂幼年大熊猫成长记.md,妈妈会教会它们许多本领，如躲避天敌、爬树、选择适口的竹子、寻找水源等,熊猫知识
大熊猫幼仔,爬树,RELATED_TO,D:\panda\docs\熊猫知识\[202108171855]大熊猫奇妙课堂幼年大熊猫成长记.md,妈妈会教会它们许多本领，如躲避天敌、爬树、选择适口的竹子、寻找水源等,熊猫知识
大熊猫幼仔,选择适口的竹子,RELATED_TO,D:\panda\docs\熊猫知识\[202108171855]大熊猫奇妙课堂幼年大熊猫成长记.md,妈妈会教会它们许多本领，如躲避天敌、爬树、选择适口的竹子、寻找水源等,熊猫知识
大熊猫幼仔,寻找水源,RELATED_TO,D:\panda\docs\熊猫知识\[202108171855]大熊猫奇妙课堂幼年大熊猫成长记.md,妈妈会教会它们许多本领，如躲避天敌、爬树、选择适口的竹子、寻找水源等,熊猫知识
大熊猫妈妈,声音,RELATED_TO,D:\panda\docs\熊猫知识\[202108171855]大熊猫奇妙课堂幼年大熊猫成长记.md,大熊猫妈妈都是通过声音找到它们的,熊猫知识
大熊猫妈妈,叫声,RELATED_TO,D:\panda\docs\熊猫知识\[202108171855]大熊猫奇妙课堂幼年大熊猫成长记.md,妈妈要时刻通过叫声来判断幼仔的情况,熊猫知识
大熊猫妈妈,叼回,RELATED_TO,D:\panda\docs\熊猫知识\[202108171855]大熊猫奇妙课堂幼年大熊猫成长记.md,出于保护幼仔的天性，妈妈会将好动的幼仔叼回自己身边,熊猫知识
大熊猫,高山深谷,RELATED_TO,D:\panda\docs\熊猫知识\[202108191636]大熊猫奇妙课堂大熊猫的家.md,野生大熊猫多栖息于高山深谷，为东南季风的迎风面，气候温凉潮湿，其湿度常在80%以上,熊猫知识
大熊猫,东南季风的迎风面,RELATED_TO,D:\panda\docs\熊猫知识\[202108191636]大熊猫奇妙课堂大熊猫的家.md,野生大熊猫多栖息于高山深谷，为东南季风的迎风面，气候温凉潮湿，其湿度常在80%以上,熊猫知识
大熊猫栖息地,80%,RELATED_TO,D:\panda\docs\熊猫知识\[202108191636]大熊猫奇妙课堂大熊猫的家.md,其湿度常在80%以上,熊猫知识
大熊猫,四川,RELATED_TO,D:\panda\docs\熊猫知识\[202108191636]大熊猫奇妙课堂大熊猫的家.md,大熊猫的自然栖息地现仅存于我国的四川、甘肃和陕西3省的六大山系：从北到南依次为秦岭、岷山、邛崃山、大相岭、小相岭和凉山。,熊猫知识
大熊猫,甘肃,RELATED_TO,D:\panda\docs\熊猫知识\[202108191636]大熊猫奇妙课堂大熊猫的家.md,大熊猫的自然栖息地现仅存于我国的四川、甘肃和陕西3省的六大山系：从北到南依次为秦岭、岷山、邛崃山、大相岭、小相岭和凉山。,熊猫知识
大熊猫,陕西,RELATED_TO,D:\panda\docs\熊猫知识\[202108191636]大熊猫奇妙课堂大熊猫的家.md,大熊猫的自然栖息地现仅存于我国的四川、甘肃和陕西3省的六大山系：从北到南依次为秦岭、岷山、邛崃山、大相岭、小相岭和凉山。,熊猫知识
大熊猫,秦岭,RELATED_TO,D:\panda\docs\熊猫知识\[202108191636]大熊猫奇妙课堂大熊猫的家.md,大熊猫的自然栖息地现仅存于我国的四川、甘肃和陕西3省的六大山系：从北到南依次为秦岭、岷山、邛崃山、大相岭、小相岭和凉山。,熊猫知识
大熊猫,岷山,RELATED_TO,D:\panda\docs\熊猫知识\[202108191636]大熊猫奇妙课堂大熊猫的家.md,大熊猫的自然栖息地现仅存于我国的四川、甘肃和陕西3省的六大山系：从北到南依次为秦岭、岷山、邛崃山、大相岭、小相岭和凉山。,熊猫知识
大熊猫,邛崃山,RELATED_TO,D:\panda\docs\熊猫知识\[202108191636]大熊猫奇妙课堂大熊猫的家.md,大熊猫的自然栖息地现仅存于我国的四川、甘肃和陕西3省的六大山系：从北到南依次为秦岭、岷山、邛崃山、大相岭、小相岭和凉山。,熊猫知识
大熊猫,大相岭,RELATED_TO,D:\panda\docs\熊猫知识\[202108191636]大熊猫奇妙课堂大熊猫的家.md,大熊猫的自然栖息地现仅存于我国的四川、甘肃和陕西3省的六大山系：从北到南依次为秦岭、岷山、邛崃山、大相岭、小相岭和凉山。,熊猫知识
大熊猫,小相岭,RELATED_TO,D:\panda\docs\熊猫知识\[202108191636]大熊猫奇妙课堂大熊猫的家.md,大熊猫的自然栖息地现仅存于我国的四川、甘肃和陕西3省的六大山系：从北到南依次为秦岭、岷山、邛崃山、大相岭、小相岭和凉山。,熊猫知识
大熊猫,凉山,RELATED_TO,D:\panda\docs\熊猫知识\[202108191636]大熊猫奇妙课堂大熊猫的家.md,大熊猫的自然栖息地现仅存于我国的四川、甘肃和陕西3省的六大山系：从北到南依次为秦岭、岷山、邛崃山、大相岭、小相岭和凉山。,熊猫知识
大熊猫,青藏高原东缘六大山系的高山峡谷,RELATED_TO,D:\panda\docs\熊猫知识\[202108191636]大熊猫奇妙课堂大熊猫的家.md,大熊猫分布于青藏高原东缘六大山系的高山峡谷,熊猫知识
大熊猫,1500-3500米,RELATED_TO,D:\panda\docs\熊猫知识\[202108191636]大熊猫奇妙课堂大熊猫的家.md,大熊猫一般生活在海拔1500-3500米的茂密竹林里,熊猫知识
大熊猫,茂密竹林,RELATED_TO,D:\panda\docs\熊猫知识\[202108191636]大熊猫奇妙课堂大熊猫的家.md,大熊猫一般生活在海拔1500-3500米的茂密竹林里,熊猫知识
大熊猫栖息地,空气稀薄,RELATED_TO,D:\panda\docs\熊猫知识\[202108191636]大熊猫奇妙课堂大熊猫的家.md,这里空气稀薄，云雾缭绕，气温常年低于20℃，凉爽湿润。,熊猫知识
大熊猫栖息地,云雾缭绕,RELATED_TO,D:\panda\docs\熊猫知识\[202108191636]大熊猫奇妙课堂大熊猫的家.md,这里空气稀薄，云雾缭绕，气温常年低于20℃，凉爽湿润。,熊猫知识
大熊猫栖息地,气温常年低于20℃,RELATED_TO,D:\panda\docs\熊猫知识\[202108191636]大熊猫奇妙课堂大熊猫的家.md,这里空气稀薄，云雾缭绕，气温常年低于20℃，凉爽湿润。,熊猫知识
大熊猫栖息地,凉爽湿润,RELATED_TO,D:\panda\docs\熊猫知识\[202108191636]大熊猫奇妙课堂大熊猫的家.md,这里空气稀薄，云雾缭绕，气温常年低于20℃，凉爽湿润。,熊猫知识
大熊猫栖息地,竹子,RELATED_TO,D:\panda\docs\熊猫知识\[202108191636]大熊猫奇妙课堂大熊猫的家.md,大熊猫栖息地的必要条件主要有五个方面：栖息地面积足够大，竹子食物充足，水源距离适中，繁殖场所存在，人为干扰少或无。关键因素是竹子、水和产仔巢穴。,熊猫知识
大熊猫栖息地,产仔巢穴,RELATED_TO,D:\panda\docs\熊猫知识\[202108191636]大熊猫奇妙课堂大熊猫的家.md,大熊猫栖息地的必要条件主要有五个方面：栖息地面积足够大，竹子食物充足，水源距离适中，繁殖场所存在，人为干扰少或无。关键因素是竹子、水和产仔巢穴。,熊猫知识
大熊猫,山西,RELATED_TO,D:\panda\docs\熊猫知识\[202108191636]大熊猫奇妙课堂大熊猫的家.md,在人类史前时期，大熊猫在我国的山西、河南、湖北、湖南、贵州和云南等地区的低山区尚有分布,熊猫知识
大熊猫,河南,RELATED_TO,D:\panda\docs\熊猫知识\[202108191636]大熊猫奇妙课堂大熊猫的家.md,在人类史前时期，大熊猫在我国的山西、河南、湖北、湖南、贵州和云南等地区的低山区尚有分布,熊猫知识
大熊猫,湖北,RELATED_TO,D:\panda\docs\熊猫知识\[202108191636]大熊猫奇妙课堂大熊猫的家.md,在人类史前时期，大熊猫在我国的山西、河南、湖北、湖南、贵州和云南等地区的低山区尚有分布,熊猫知识
大熊猫,湖南,RELATED_TO,D:\panda\docs\熊猫知识\[202108191636]大熊猫奇妙课堂大熊猫的家.md,在人类史前时期，大熊猫在我国的山西、河南、湖北、湖南、贵州和云南等地区的低山区尚有分布,熊猫知识
大熊猫,贵州,RELATED_TO,D:\panda\docs\熊猫知识\[202108191636]大熊猫奇妙课堂大熊猫的家.md,在人类史前时期，大熊猫在我国的山西、河南、湖北、湖南、贵州和云南等地区的低山区尚有分布,熊猫知识
大熊猫,云南,RELATED_TO,D:\panda\docs\熊猫知识\[202108191636]大熊猫奇妙课堂大熊猫的家.md,在人类史前时期，大熊猫在我国的山西、河南、湖北、湖南、贵州和云南等地区的低山区尚有分布,熊猫知识
大熊猫,清末,RELATED_TO,D:\panda\docs\熊猫知识\[202108191636]大熊猫奇妙课堂大熊猫的家.md,至清末时山西、河南、云南、湖北、贵州等省分布的大熊猫已基本绝迹。,熊猫知识
大熊猫,山西,RELATED_TO,D:\panda\docs\熊猫知识\[202108191636]大熊猫奇妙课堂大熊猫的家.md,至清末时山西、河南、云南、湖北、贵州等省分布的大熊猫已基本绝迹。,熊猫知识
大熊猫,河南,RELATED_TO,D:\panda\docs\熊猫知识\[202108191636]大熊猫奇妙课堂大熊猫的家.md,至清末时山西、河南、云南、湖北、贵州等省分布的大熊猫已基本绝迹。,熊猫知识
大熊猫,云南,RELATED_TO,D:\panda\docs\熊猫知识\[202108191636]大熊猫奇妙课堂大熊猫的家.md,至清末时山西、河南、云南、湖北、贵州等省分布的大熊猫已基本绝迹。,熊猫知识
大熊猫,湖北,RELATED_TO,D:\panda\docs\熊猫知识\[202108191636]大熊猫奇妙课堂大熊猫的家.md,至清末时山西、河南、云南、湖北、贵州等省分布的大熊猫已基本绝迹。,熊猫知识
大熊猫,贵州,RELATED_TO,D:\panda\docs\熊猫知识\[202108191636]大熊猫奇妙课堂大熊猫的家.md,至清末时山西、河南、云南、湖北、贵州等省分布的大熊猫已基本绝迹。,熊猫知识
大熊猫,1864只,RELATED_TO,D:\panda\docs\熊猫知识\[202108191636]大熊猫奇妙课堂大熊猫的家.md,据野外调查显示，截至目前，我国大熊猫野生种群增至1864只。,熊猫知识
大熊猫,1800多只,RELATED_TO,D:\panda\docs\熊猫知识\[202108191636]大熊猫奇妙课堂大熊猫的家.md,大熊猫野外种群数量达到1800多只，受威胁程度等级由濒危降为易危。,熊猫知识
大熊猫,1万公顷,RELATED_TO,D:\panda\docs\熊猫知识\[202108191636]大熊猫奇妙课堂大熊猫的家.md,一是森林砍伐，大熊猫栖息地每年的采伐面积达到至少1万公顷，其栖息地快速在消失。,熊猫知识
大熊猫栖息地,四川省,RELATED_TO,D:\panda\docs\熊猫知识\[202108191636]大熊猫奇妙课堂大熊猫的家.md,中国大熊猫栖息地主要位于中国四川省境内，分布于川西高原东部的的岷山、邛崃山、大相岭、小相岭、凉山以及秦岭等6块狭长地带，横跨川、陕、甘三省境内，整个栖息地面积超过2万平方公里。,熊猫知识
大熊猫栖息地,川西高原东部,RELATED_TO,D:\panda\docs\熊猫知识\[202108191636]大熊猫奇妙课堂大熊猫的家.md,中国大熊猫栖息地主要位于中国四川省境内，分布于川西高原东部的的岷山、邛崃山、大相岭、小相岭、凉山以及秦岭等6块狭长地带，横跨川、陕、甘三省境内，整个栖息地面积超过2万平方公里。,熊猫知识
大熊猫栖息地,2万平方公里,RELATED_TO,D:\panda\docs\熊猫知识\[202108191636]大熊猫奇妙课堂大熊猫的家.md,中国大熊猫栖息地主要位于中国四川省境内，分布于川西高原东部的的岷山、邛崃山、大相岭、小相岭、凉山以及秦岭等6块狭长地带，横跨川、陕、甘三省境内，整个栖息地面积超过2万平方公里。,熊猫知识
川西山地,5000-6000种,RELATED_TO,D:\panda\docs\熊猫知识\[202108191636]大熊猫奇妙课堂大熊猫的家.md,川西山地植物区系起源古老，主要分布六种植被类型，植被种类约5000-6000种，具有较多的特有种属和孑遗植物，如鸽子树、水杉等，杜鹃花科、竹科和兰科呈现丰富的多样性。,熊猫知识
川西山地,鸽子树,RELATED_TO,D:\panda\docs\熊猫知识\[202108191636]大熊猫奇妙课堂大熊猫的家.md,川西山地植物区系起源古老，主要分布六种植被类型，植被种类约5000-6000种，具有较多的特有种属和孑遗植物，如鸽子树、水杉等，杜鹃花科、竹科和兰科呈现丰富的多样性。,熊猫知识
川西山地,水杉,RELATED_TO,D:\panda\docs\熊猫知识\[202108191636]大熊猫奇妙课堂大熊猫的家.md,川西山地植物区系起源古老，主要分布六种植被类型，植被种类约5000-6000种，具有较多的特有种属和孑遗植物，如鸽子树、水杉等，杜鹃花科、竹科和兰科呈现丰富的多样性。,熊猫知识
川西山地,杜鹃花科,RELATED_TO,D:\panda\docs\熊猫知识\[202108191636]大熊猫奇妙课堂大熊猫的家.md,川西山地植物区系起源古老，主要分布六种植被类型，植被种类约5000-6000种，具有较多的特有种属和孑遗植物，如鸽子树、水杉等，杜鹃花科、竹科和兰科呈现丰富的多样性。,熊猫知识
川西山地,竹科,RELATED_TO,D:\panda\docs\熊猫知识\[202108191636]大熊猫奇妙课堂大熊猫的家.md,川西山地植物区系起源古老，主要分布六种植被类型，植被种类约5000-6000种，具有较多的特有种属和孑遗植物，如鸽子树、水杉等，杜鹃花科、竹科和兰科呈现丰富的多样性。,熊猫知识
川西山地,兰科,RELATED_TO,D:\panda\docs\熊猫知识\[202108191636]大熊猫奇妙课堂大熊猫的家.md,川西山地植物区系起源古老，主要分布六种植被类型，植被种类约5000-6000种，具有较多的特有种属和孑遗植物，如鸽子树、水杉等，杜鹃花科、竹科和兰科呈现丰富的多样性。,熊猫知识
大熊猫,金丝猴,RELATED_TO,D:\panda\docs\熊猫知识\[202108211030]大熊猫奇妙课堂大熊猫的邻居们.md,与大熊猫共同生活在同一片栖息地的动物朋友有金丝猴，小熊猫，牛羚，红腹锦鸡，黑熊等。,熊猫知识
大熊猫,小熊猫,RELATED_TO,D:\panda\docs\熊猫知识\[202108211030]大熊猫奇妙课堂大熊猫的邻居们.md,与大熊猫共同生活在同一片栖息地的动物朋友有金丝猴，小熊猫，牛羚，红腹锦鸡，黑熊等。,熊猫知识
大熊猫,牛羚,RELATED_TO,D:\panda\docs\熊猫知识\[202108211030]大熊猫奇妙课堂大熊猫的邻居们.md,与大熊猫共同生活在同一片栖息地的动物朋友有金丝猴，小熊猫，牛羚，红腹锦鸡，黑熊等。,熊猫知识
大熊猫,红腹锦鸡,RELATED_TO,D:\panda\docs\熊猫知识\[202108211030]大熊猫奇妙课堂大熊猫的邻居们.md,与大熊猫共同生活在同一片栖息地的动物朋友有金丝猴，小熊猫，牛羚，红腹锦鸡，黑熊等。,熊猫知识
大熊猫,黑熊,RELATED_TO,D:\panda\docs\熊猫知识\[202108211030]大熊猫奇妙课堂大熊猫的邻居们.md,与大熊猫共同生活在同一片栖息地的动物朋友有金丝猴，小熊猫，牛羚，红腹锦鸡，黑熊等。,熊猫知识
大熊猫,珙桐,RELATED_TO,D:\panda\docs\熊猫知识\[202108211030]大熊猫奇妙课堂大熊猫的邻居们.md,大熊猫的伴生植物有珙桐、宝兴杜鹃、蓉城竹、篌竹等。,熊猫知识
大熊猫,宝兴杜鹃,RELATED_TO,D:\panda\docs\熊猫知识\[202108211030]大熊猫奇妙课堂大熊猫的邻居们.md,大熊猫的伴生植物有珙桐、宝兴杜鹃、蓉城竹、篌竹等。,熊猫知识
大熊猫,蓉城竹,RELATED_TO,D:\panda\docs\熊猫知识\[202108211030]大熊猫奇妙课堂大熊猫的邻居们.md,大熊猫的伴生植物有珙桐、宝兴杜鹃、蓉城竹、篌竹等。,熊猫知识
大熊猫,篌竹,RELATED_TO,D:\panda\docs\熊猫知识\[202108211030]大熊猫奇妙课堂大熊猫的邻居们.md,大熊猫的伴生植物有珙桐、宝兴杜鹃、蓉城竹、篌竹等。,熊猫知识
大熊猫,金猫,RELATED_TO,D:\panda\docs\熊猫知识\[202108211030]大熊猫奇妙课堂大熊猫的邻居们.md,尽管大熊猫与世无争，但在它的栖息领域里，还是有一些与它们为敌的动物，如金猫、豹、豺、黄喉貂等，这些掠食性动物通常只对大熊猫中的幼仔和病弱年老者具有一定的威胁，对成年的健康大熊猫来说，基本没有什么伤害。,熊猫知识
大熊猫,黄喉貂,RELATED_TO,D:\panda\docs\熊猫知识\[202108211030]大熊猫奇妙课堂大熊猫的邻居们.md,尽管大熊猫与世无争，但在它的栖息领域里，还是有一些与它们为敌的动物，如金猫、豹、豺、黄喉貂等，这些掠食性动物通常只对大熊猫中的幼仔和病弱年老者具有一定的威胁，对成年的健康大熊猫来说，基本没有什么伤害。,熊猫知识
川金丝猴,大熊猫,RELATED_TO,D:\panda\docs\熊猫知识\[202108211030]大熊猫奇妙课堂大熊猫的邻居们.md,川金丝猴……同时也给视觉差的大熊猫提供了警戒的情报。,熊猫知识
大熊猫,枯萎的竹叶,RELATED_TO,D:\panda\docs\熊猫知识\[202108211030]大熊猫奇妙课堂大熊猫的邻居们.md,羚牛……在冬季它们还吃大熊猫不吃已枯萎的竹叶。,熊猫知识
大熊猫,竹子,RELATED_TO,D:\panda\docs\熊猫知识\[202108211030]大熊猫奇妙课堂大熊猫的邻居们.md,竹子既是大熊猫的主要食物，也是它的伴生动物。,熊猫知识
羚牛,秦岭山脉,RELATED_TO,D:\panda\docs\熊猫知识\[202108211030]大熊猫奇妙课堂大熊猫的邻居们.md,羚牛又叫扭角羚，主要分布在我国的西南山区和秦岭山脉，数量稀少，中国仅存数千头，是我国的一级保护动物。,熊猫知识
羚牛,西南山区,RELATED_TO,D:\panda\docs\熊猫知识\[202108211030]大熊猫奇妙课堂大熊猫的邻居们.md,羚牛又叫扭角羚，主要分布在我国的西南山区和秦岭山脉，数量稀少，中国仅存数千头，是我国的一级保护动物。,熊猫知识
红腹锦鸡,秦岭地区,RELATED_TO,D:\panda\docs\熊猫知识\[202108211030]大熊猫奇妙课堂大熊猫的邻居们.md,红腹锦鸡主要分布在中国甘肃和陕西南部的秦岭地区,熊猫知识
红腹锦鸡,甘肃,RELATED_TO,D:\panda\docs\熊猫知识\[202108211030]大熊猫奇妙课堂大熊猫的邻居们.md,红腹锦鸡主要分布在中国甘肃和陕西南部的秦岭地区,熊猫知识
红腹锦鸡,陕西南部,RELATED_TO,D:\panda\docs\熊猫知识\[202108211030]大熊猫奇妙课堂大熊猫的邻居们.md,红腹锦鸡主要分布在中国甘肃和陕西南部的秦岭地区,熊猫知识
川金丝猴,四川,RELATED_TO,D:\panda\docs\熊猫知识\[202108211030]大熊猫奇妙课堂大熊猫的邻居们.md,川金丝猴主要分布在四川、陕西、甘肃、湖北境内。,熊猫知识
川金丝猴,陕西,RELATED_TO,D:\panda\docs\熊猫知识\[202108211030]大熊猫奇妙课堂大熊猫的邻居们.md,川金丝猴主要分布在四川、陕西、甘肃、湖北境内。,熊猫知识
川金丝猴,甘肃,RELATED_TO,D:\panda\docs\熊猫知识\[202108211030]大熊猫奇妙课堂大熊猫的邻居们.md,川金丝猴主要分布在四川、陕西、甘肃、湖北境内。,熊猫知识
川金丝猴,湖北,RELATED_TO,D:\panda\docs\熊猫知识\[202108211030]大熊猫奇妙课堂大熊猫的邻居们.md,川金丝猴主要分布在四川、陕西、甘肃、湖北境内。,熊猫知识
大熊猫,食肉目,RELATED_TO,D:\panda\docs\熊猫知识\[202108211030]大熊猫奇妙课堂大熊猫的邻居们.md,小熊猫……虽然小熊猫和大熊猫亲缘关系较远，两种动物同属食肉动物，但却以食素为主，主食为竹子。,熊猫知识
小熊猫,食肉目,RELATED_TO,D:\panda\docs\熊猫知识\[202108211030]大熊猫奇妙课堂大熊猫的邻居们.md,小熊猫……虽然小熊猫和大熊猫亲缘关系较远，两种动物同属食肉动物，但却以食素为主，主食为竹子。,熊猫知识
大熊猫,大熊猫,RELATED_TO,D:\panda\docs\熊猫知识\[202108211030]大熊猫奇妙课堂大熊猫的邻居们.md,大熊猫作为“伞护种”……为整个栖息地生物多样性的保护，做出了重大贡献。,熊猫知识
野生大熊猫,衰老,RELATED_TO,D:\panda\docs\熊猫知识\[202108281000]大熊猫奇妙课堂大熊猫野外救助科普知识.md,中国大熊猫保护研究中心利用先进的技术和设备积极开展野外大熊猫线的工作先后成功抢救100余只衰老、病饿、受伤的野生大熊猫,熊猫知识
野生大熊猫,病饿,RELATED_TO,D:\panda\docs\熊猫知识\[202108281000]大熊猫奇妙课堂大熊猫野外救助科普知识.md,中国大熊猫保护研究中心利用先进的技术和设备积极开展野外大熊猫线的工作先后成功抢救100余只衰老、病饿、受伤的野生大熊猫,熊猫知识
野生大熊猫,受伤,RELATED_TO,D:\panda\docs\熊猫知识\[202108281000]大熊猫奇妙课堂大熊猫野外救助科普知识.md,中国大熊猫保护研究中心利用先进的技术和设备积极开展野外大熊猫线的工作先后成功抢救100余只衰老、病饿、受伤的野生大熊猫,熊猫知识
野生大熊猫,失血,RELATED_TO,D:\panda\docs\熊猫知识\[202108281000]大熊猫奇妙课堂大熊猫野外救助科普知识.md,在野生大熊猫的抢救工作中，如果碰到救治失血、休克、败血症、肾衰竭、严重贫血等病危大熊猫时，输血治疗就显得尤为重要,熊猫知识
野生大熊猫,休克,RELATED_TO,D:\panda\docs\熊猫知识\[202108281000]大熊猫奇妙课堂大熊猫野外救助科普知识.md,在野生大熊猫的抢救工作中，如果碰到救治失血、休克、败血症、肾衰竭、严重贫血等病危大熊猫时，输血治疗就显得尤为重要,熊猫知识
野生大熊猫,败血症,RELATED_TO,D:\panda\docs\熊猫知识\[202108281000]大熊猫奇妙课堂大熊猫野外救助科普知识.md,在野生大熊猫的抢救工作中，如果碰到救治失血、休克、败血症、肾衰竭、严重贫血等病危大熊猫时，输血治疗就显得尤为重要,熊猫知识
野生大熊猫,肾衰竭,RELATED_TO,D:\panda\docs\熊猫知识\[202108281000]大熊猫奇妙课堂大熊猫野外救助科普知识.md,在野生大熊猫的抢救工作中，如果碰到救治失血、休克、败血症、肾衰竭、严重贫血等病危大熊猫时，输血治疗就显得尤为重要,熊猫知识
野生大熊猫,严重贫血,RELATED_TO,D:\panda\docs\熊猫知识\[202108281000]大熊猫奇妙课堂大熊猫野外救助科普知识.md,在野生大熊猫的抢救工作中，如果碰到救治失血、休克、败血症、肾衰竭、严重贫血等病危大熊猫时，输血治疗就显得尤为重要,熊猫知识
大熊猫体外伤,熊猫相互之间打斗,RELATED_TO,D:\panda\docs\熊猫知识\[202108281000]大熊猫奇妙课堂大熊猫野外救助科普知识.md,大熊猫的体外伤多由熊猫相互之间打斗所导致,熊猫知识
大熊猫麻醉前,24小时,RELATED_TO,D:\panda\docs\熊猫知识\[202108281000]大熊猫奇妙课堂大熊猫野外救助科普知识.md,在给大熊猫麻醉前，尽量禁食24小时、禁水12小时,熊猫知识
大熊猫麻醉前,12小时,RELATED_TO,D:\panda\docs\熊猫知识\[202108281000]大熊猫奇妙课堂大熊猫野外救助科普知识.md,在给大熊猫麻醉前，尽量禁食24小时、禁水12小时,熊猫知识
大熊猫,下颈部,RELATED_TO,D:\panda\docs\熊猫知识\[202108281000]大熊猫奇妙课堂大熊猫野外救助科普知识.md,采血部位一般就会选择下颈部和前肢内侧,熊猫知识
大熊猫,前肢内侧,RELATED_TO,D:\panda\docs\熊猫知识\[202108281000]大熊猫奇妙课堂大熊猫野外救助科普知识.md,采血部位一般就会选择下颈部和前肢内侧,熊猫知识
大熊猫,下颈部被毛相对稀疏、皮肤柔软、血管较粗、血管会膨胀,RELATED_TO,D:\panda\docs\熊猫知识\[202108281000]大熊猫奇妙课堂大熊猫野外救助科普知识.md,下颈部被毛相对稀疏、皮肤柔软、血管较粗、血管会膨胀，用手指可以探摸到静脉血管,熊猫知识
大熊猫下颈部,用手指可以探摸到静脉血管,RELATED_TO,D:\panda\docs\熊猫知识\[202108281000]大熊猫奇妙课堂大熊猫野外救助科普知识.md,下颈部被毛相对稀疏、皮肤柔软、血管较粗、血管会膨胀，用手指可以探摸到静脉血管,熊猫知识
大熊猫,毛皮比较厚实,RELATED_TO,D:\panda\docs\熊猫知识\[202108281000]大熊猫奇妙课堂大熊猫野外救助科普知识.md,大熊猫的血液采集，需要经验丰富、基本功扎实的兽医来完成。因为大熊猫的毛皮比较厚实，与人相比，探摸静脉是非常困难的,熊猫知识
大熊猫,探摸静脉非常困难,RELATED_TO,D:\panda\docs\熊猫知识\[202108281000]大熊猫奇妙课堂大熊猫野外救助科普知识.md,大熊猫的血液采集，需要经验丰富、基本功扎实的兽医来完成。因为大熊猫的毛皮比较厚实，与人相比，探摸静脉是非常困难的,熊猫知识
输血治疗,补充循环血容量,RELATED_TO,D:\panda\docs\熊猫知识\[202108281000]大熊猫奇妙课堂大熊猫野外救助科普知识.md,输血对受血机体能起到补充循环血容量、维持正常血液循环的作用，还能促进机体各器官系统机能的改善,熊猫知识
输血治疗,维持正常血液循环,RELATED_TO,D:\panda\docs\熊猫知识\[202108281000]大熊猫奇妙课堂大熊猫野外救助科普知识.md,输血对受血机体能起到补充循环血容量、维持正常血液循环的作用，还能促进机体各器官系统机能的改善,熊猫知识
输血治疗,促进机体各器官系统机能的改善,RELATED_TO,D:\panda\docs\熊猫知识\[202108281000]大熊猫奇妙课堂大熊猫野外救助科普知识.md,输血对受血机体能起到补充循环血容量、维持正常血液循环的作用，还能促进机体各器官系统机能的改善,熊猫知识
野生动物输血研究,试验研究的初级阶段,RELATED_TO,D:\panda\docs\熊猫知识\[202108281000]大熊猫奇妙课堂大熊猫野外救助科普知识.md,野生动物的输血研究，客观上由于病例少，血源困难，有关配血和输血方面的基础研究还不够，所以仅处于试验研究的初级阶段,熊猫知识
大熊猫野外救助,听诊器,RELATED_TO,D:\panda\docs\熊猫知识\[202108281000]大熊猫奇妙课堂大熊猫野外救助科普知识.md,为大熊猫抢救治疗的工具和人所需要的工具是一样，比如：听诊器、手术刀、手术剪、血管钳等,熊猫知识
大熊猫野外救助,手术刀,RELATED_TO,D:\panda\docs\熊猫知识\[202108281000]大熊猫奇妙课堂大熊猫野外救助科普知识.md,为大熊猫抢救治疗的工具和人所需要的工具是一样，比如：听诊器、手术刀、手术剪、血管钳等,熊猫知识
大熊猫野外救助,手术剪,RELATED_TO,D:\panda\docs\熊猫知识\[202108281000]大熊猫奇妙课堂大熊猫野外救助科普知识.md,为大熊猫抢救治疗的工具和人所需要的工具是一样，比如：听诊器、手术刀、手术剪、血管钳等,熊猫知识
大熊猫野外救助,血管钳,RELATED_TO,D:\panda\docs\熊猫知识\[202108281000]大熊猫奇妙课堂大熊猫野外救助科普知识.md,为大熊猫抢救治疗的工具和人所需要的工具是一样，比如：听诊器、手术刀、手术剪、血管钳等,熊猫知识
大熊猫野外救助,交通工具,RELATED_TO,D:\panda\docs\熊猫知识\[202108281000]大熊猫奇妙课堂大熊猫野外救助科普知识.md,还需要配备能够应对复杂环境状况的交通工具、抢救笼、固定绳索、麻醉枪、氧气瓶、麻醉剂等急救设备、材料和药品,熊猫知识
大熊猫野外救助,抢救笼,RELATED_TO,D:\panda\docs\熊猫知识\[202108281000]大熊猫奇妙课堂大熊猫野外救助科普知识.md,还需要配备能够应对复杂环境状况的交通工具、抢救笼、固定绳索、麻醉枪、氧气瓶、麻醉剂等急救设备、材料和药品,熊猫知识
大熊猫野外救助,固定绳索,RELATED_TO,D:\panda\docs\熊猫知识\[202108281000]大熊猫奇妙课堂大熊猫野外救助科普知识.md,还需要配备能够应对复杂环境状况的交通工具、抢救笼、固定绳索、麻醉枪、氧气瓶、麻醉剂等急救设备、材料和药品,熊猫知识
大熊猫野外救助,麻醉枪,RELATED_TO,D:\panda\docs\熊猫知识\[202108281000]大熊猫奇妙课堂大熊猫野外救助科普知识.md,还需要配备能够应对复杂环境状况的交通工具、抢救笼、固定绳索、麻醉枪、氧气瓶、麻醉剂等急救设备、材料和药品,熊猫知识
大熊猫野外救助,氧气瓶,RELATED_TO,D:\panda\docs\熊猫知识\[202108281000]大熊猫奇妙课堂大熊猫野外救助科普知识.md,还需要配备能够应对复杂环境状况的交通工具、抢救笼、固定绳索、麻醉枪、氧气瓶、麻醉剂等急救设备、材料和药品,熊猫知识
大熊猫野外救助,麻醉剂,RELATED_TO,D:\panda\docs\熊猫知识\[202108281000]大熊猫奇妙课堂大熊猫野外救助科普知识.md,还需要配备能够应对复杂环境状况的交通工具、抢救笼、固定绳索、麻醉枪、氧气瓶、麻醉剂等急救设备、材料和药品,熊猫知识
大熊猫,肌肉注射麻醉,RELATED_TO,D:\panda\docs\熊猫知识\[202108281000]大熊猫奇妙课堂大熊猫野外救助科普知识.md,通常，兽医采用肌肉注射麻醉的方式对大熊猫来进行麻醉；如果需要长时间做手术，则会使用吸入麻醉机做维持和补充麻醉,熊猫知识
大熊猫外科手术,吸入麻醉机,RELATED_TO,D:\panda\docs\熊猫知识\[202108281000]大熊猫奇妙课堂大熊猫野外救助科普知识.md,通常，兽医采用肌肉注射麻醉的方式对大熊猫来进行麻醉；如果需要长时间做手术，则会使用吸入麻醉机做维持和补充麻醉,熊猫知识
兽医,输液治疗,RELATED_TO,D:\panda\docs\熊猫知识\[202108281000]大熊猫奇妙课堂大熊猫野外救助科普知识.md,在为大熊猫治疗时，为了减少麻醉剂对大熊猫身体产生负面影响，兽医只有在特殊的情况下才会使用麻醉剂(如输液治疗、外科手术等),熊猫知识
兽医,外科手术,RELATED_TO,D:\panda\docs\熊猫知识\[202108281000]大熊猫奇妙课堂大熊猫野外救助科普知识.md,在为大熊猫治疗时，为了减少麻醉剂对大熊猫身体产生负面影响，兽医只有在特殊的情况下才会使用麻醉剂(如输液治疗、外科手术等),熊猫知识
大熊猫常用麻醉剂,人类常用麻醉剂,RELATED_TO,D:\panda\docs\熊猫知识\[202108281000]大熊猫奇妙课堂大熊猫野外救助科普知识.md,大熊猫常用麻醉剂和人类是差不多，只是使用剂量不同,熊猫知识
大熊猫与人类麻醉剂,剂量不同,RELATED_TO,D:\panda\docs\熊猫知识\[202108281000]大熊猫奇妙课堂大熊猫野外救助科普知识.md,大熊猫常用麻醉剂和人类是差不多，只是使用剂量不同,熊猫知识
饲养员,非麻醉情况下接受日常治疗和常规检查,RELATED_TO,D:\panda\docs\熊猫知识\[202108281000]大熊猫奇妙课堂大熊猫野外救助科普知识.md,饲养员也会科学的训练大熊猫在非麻醉情况下接受日常治疗和常规检查,熊猫知识
大熊猫,20世纪70年代,RELATED_TO,D:\panda\docs\熊猫知识\[202108312109]大熊猫奇妙课堂五一棚.md,20世纪70年代，科学家们在海拔2520米 卧龙自然保护区臭水沟一带搭建几顶窝棚，建立了世界上第一个大熊猫野外生态观察站,熊猫知识
卧龙自然保护区臭水沟大熊猫野外生态观察站,大熊猫,RELATED_TO,D:\panda\docs\熊猫知识\[202108312109]大熊猫奇妙课堂五一棚.md,因为观察站的帐篷距离水源地有51步台阶，于是取名“五一棚”,熊猫知识
卧龙自然保护区,青藏高原,RELATED_TO,D:\panda\docs\熊猫知识\[202108312109]大熊猫奇妙课堂五一棚.md,卧龙自然保护区位于青藏高原向四川盆地的过渡地带,熊猫知识
卧龙自然保护区,四川盆地,RELATED_TO,D:\panda\docs\熊猫知识\[202108312109]大熊猫奇妙课堂五一棚.md,卧龙自然保护区位于青藏高原向四川盆地的过渡地带,熊猫知识
卧龙自然保护区,木江坪,RELATED_TO,D:\panda\docs\熊猫知识\[202108312109]大熊猫奇妙课堂五一棚.md,从沟口海拔不足1200米的木江坪，到保护区的最高峰——海拔6250米的四姑娘山，直线距离不过50千米，海拔高度却相差5000多米,熊猫知识
卧龙自然保护区,四姑娘山,RELATED_TO,D:\panda\docs\熊猫知识\[202108312109]大熊猫奇妙课堂五一棚.md,从沟口海拔不足1200米的木江坪，到保护区的最高峰——海拔6250米的四姑娘山，直线距离不过50千米，海拔高度却相差5000多米,熊猫知识
卧龙自然保护区,150只,RELATED_TO,D:\panda\docs\熊猫知识\[202108312109]大熊猫奇妙课堂五一棚.md,大约有150只野生大熊猫生活在这片神秘的山林里,熊猫知识
五一棚周边区域,18只,RELATED_TO,D:\panda\docs\熊猫知识\[202108312109]大熊猫奇妙课堂五一棚.md,当时大约有18只野生大熊猫生活在这个区域,熊猫知识
五一棚附近,珍珍,RELATED_TO,D:\panda\docs\熊猫知识\[202108312109]大熊猫奇妙课堂五一棚.md,中外专家在五一棚附近，先后捕捉到“珍珍”、“龙龙”、“宁宁”、“憨憨”、“威威”和“貔貅”等6只不同年龄段的大熊猫,熊猫知识
五一棚附近,龙龙,RELATED_TO,D:\panda\docs\熊猫知识\[202108312109]大熊猫奇妙课堂五一棚.md,中外专家在五一棚附近，先后捕捉到“珍珍”、“龙龙”、“宁宁”、“憨憨”、“威威”和“貔貅”等6只不同年龄段的大熊猫,熊猫知识
五一棚附近,宁宁,RELATED_TO,D:\panda\docs\熊猫知识\[202108312109]大熊猫奇妙课堂五一棚.md,中外专家在五一棚附近，先后捕捉到“珍珍”、“龙龙”、“宁宁”、“憨憨”、“威威”和“貔貅”等6只不同年龄段的大熊猫,熊猫知识
五一棚附近,憨憨,RELATED_TO,D:\panda\docs\熊猫知识\[202108312109]大熊猫奇妙课堂五一棚.md,中外专家在五一棚附近，先后捕捉到“珍珍”、“龙龙”、“宁宁”、“憨憨”、“威威”和“貔貅”等6只不同年龄段的大熊猫,熊猫知识
五一棚附近,威威,RELATED_TO,D:\panda\docs\熊猫知识\[202108312109]大熊猫奇妙课堂五一棚.md,中外专家在五一棚附近，先后捕捉到“珍珍”、“龙龙”、“宁宁”、“憨憨”、“威威”和“貔貅”等6只不同年龄段的大熊猫,熊猫知识
五一棚附近,大熊猫,RELATED_TO,D:\panda\docs\熊猫知识\[202108312109]大熊猫奇妙课堂五一棚.md,中外专家在五一棚附近，先后捕捉到“珍珍”、“龙龙”、“宁宁”、“憨憨”、“威威”和“貔貅”等6只不同年龄段的大熊猫,熊猫知识
大熊猫,20世纪80年代,RELATED_TO,D:\panda\docs\熊猫知识\[202108312109]大熊猫奇妙课堂五一棚.md,20世纪80年代，五一棚已成为享誉中外的“帐篷学校”,熊猫知识
中国大熊猫科研保护事业,大熊猫,RELATED_TO,D:\panda\docs\熊猫知识\[202108312109]大熊猫奇妙课堂五一棚.md,中国的最早的大熊猫科研保护事业从五一棚开始,熊猫知识
中国大熊猫保护研究中心,英雄沟,RELATED_TO,D:\panda\docs\熊猫知识\[202108312109]大熊猫奇妙课堂五一棚.md,距离五一棚不远的英雄沟，是熊猫中心最早的饲养场，主要用于野外救护和饲养老、弱、病、残的大熊猫,熊猫知识
大熊猫,消化系统,RELATED_TO,D:\panda\docs\熊猫知识\[202109021950]大熊猫奇妙课堂大熊猫的病历本.md,大熊猫的内科疾病主要表现在消化系统、呼吸系统、泌尿系统、神经系统、造血系统等。,熊猫知识
大熊猫,呼吸系统,RELATED_TO,D:\panda\docs\熊猫知识\[202109021950]大熊猫奇妙课堂大熊猫的病历本.md,大熊猫的内科疾病主要表现在消化系统、呼吸系统、泌尿系统、神经系统、造血系统等。,熊猫知识
大熊猫,泌尿系统,RELATED_TO,D:\panda\docs\熊猫知识\[202109021950]大熊猫奇妙课堂大熊猫的病历本.md,大熊猫的内科疾病主要表现在消化系统、呼吸系统、泌尿系统、神经系统、造血系统等。,熊猫知识
大熊猫,神经系统,RELATED_TO,D:\panda\docs\熊猫知识\[202109021950]大熊猫奇妙课堂大熊猫的病历本.md,大熊猫的内科疾病主要表现在消化系统、呼吸系统、泌尿系统、神经系统、造血系统等。,熊猫知识
大熊猫,造血系统,RELATED_TO,D:\panda\docs\熊猫知识\[202109021950]大熊猫奇妙课堂大熊猫的病历本.md,大熊猫的内科疾病主要表现在消化系统、呼吸系统、泌尿系统、神经系统、造血系统等。,熊猫知识
大熊猫,急性胃肠炎,RELATED_TO,D:\panda\docs\熊猫知识\[202109021950]大熊猫奇妙课堂大熊猫的病历本.md,最常见的疾病有急性胃肠炎、慢性胃肠炎、感冒、肺炎等；对大熊猫生命安全最具有威胁的疾病主要包括：中暑、肠梗阻、肠钮转、肠套叠、急性胰腺炎、肾功能衰竭等。,熊猫知识
大熊猫,慢性胃肠炎,RELATED_TO,D:\panda\docs\熊猫知识\[202109021950]大熊猫奇妙课堂大熊猫的病历本.md,最常见的疾病有急性胃肠炎、慢性胃肠炎、感冒、肺炎等；对大熊猫生命安全最具有威胁的疾病主要包括：中暑、肠梗阻、肠钮转、肠套叠、急性胰腺炎、肾功能衰竭等。,熊猫知识
大熊猫,感冒,RELATED_TO,D:\panda\docs\熊猫知识\[202109021950]大熊猫奇妙课堂大熊猫的病历本.md,最常见的疾病有急性胃肠炎、慢性胃肠炎、感冒、肺炎等；对大熊猫生命安全最具有威胁的疾病主要包括：中暑、肠梗阻、肠钮转、肠套叠、急性胰腺炎、肾功能衰竭等。,熊猫知识
大熊猫,肺炎,RELATED_TO,D:\panda\docs\熊猫知识\[202109021950]大熊猫奇妙课堂大熊猫的病历本.md,最常见的疾病有急性胃肠炎、慢性胃肠炎、感冒、肺炎等；对大熊猫生命安全最具有威胁的疾病主要包括：中暑、肠梗阻、肠钮转、肠套叠、急性胰腺炎、肾功能衰竭等。,熊猫知识
大熊猫,中暑,RELATED_TO,D:\panda\docs\熊猫知识\[202109021950]大熊猫奇妙课堂大熊猫的病历本.md,对大熊猫生命安全最具有威胁的疾病主要包括：中暑、肠梗阻、肠钮转、肠套叠、急性胰腺炎、肾功能衰竭等。,熊猫知识
大熊猫,肠梗阻,RELATED_TO,D:\panda\docs\熊猫知识\[202109021950]大熊猫奇妙课堂大熊猫的病历本.md,对大熊猫生命安全最具有威胁的疾病主要包括：中暑、肠梗阻、肠钮转、肠套叠、急性胰腺炎、肾功能衰竭等。,熊猫知识
大熊猫,肠钮转,RELATED_TO,D:\panda\docs\熊猫知识\[202109021950]大熊猫奇妙课堂大熊猫的病历本.md,对大熊猫生命安全最具有威胁的疾病主要包括：中暑、肠梗阻、肠钮转、肠套叠、急性胰腺炎、肾功能衰竭等。,熊猫知识
大熊猫,肠套叠,RELATED_TO,D:\panda\docs\熊猫知识\[202109021950]大熊猫奇妙课堂大熊猫的病历本.md,对大熊猫生命安全最具有威胁的疾病主要包括：中暑、肠梗阻、肠钮转、肠套叠、急性胰腺炎、肾功能衰竭等。,熊猫知识
大熊猫,急性胰腺炎,RELATED_TO,D:\panda\docs\熊猫知识\[202109021950]大熊猫奇妙课堂大熊猫的病历本.md,对大熊猫生命安全最具有威胁的疾病主要包括：中暑、肠梗阻、肠钮转、肠套叠、急性胰腺炎、肾功能衰竭等。,熊猫知识
大熊猫,肾功能衰竭,RELATED_TO,D:\panda\docs\熊猫知识\[202109021950]大熊猫奇妙课堂大熊猫的病历本.md,对大熊猫生命安全最具有威胁的疾病主要包括：中暑、肠梗阻、肠钮转、肠套叠、急性胰腺炎、肾功能衰竭等。,熊猫知识
大熊猫,外伤,RELATED_TO,D:\panda\docs\熊猫知识\[202109021950]大熊猫奇妙课堂大熊猫的病历本.md,大熊猫外科疾病最常见的是外伤、骨折、颅脑损伤、肿瘤等，这些疾病都必须通过外科手术才能完成治疗。,熊猫知识
大熊猫,骨折,RELATED_TO,D:\panda\docs\熊猫知识\[202109021950]大熊猫奇妙课堂大熊猫的病历本.md,大熊猫外科疾病最常见的是外伤、骨折、颅脑损伤、肿瘤等，这些疾病都必须通过外科手术才能完成治疗。,熊猫知识
大熊猫,颅脑损伤,RELATED_TO,D:\panda\docs\熊猫知识\[202109021950]大熊猫奇妙课堂大熊猫的病历本.md,大熊猫外科疾病最常见的是外伤、骨折、颅脑损伤、肿瘤等，这些疾病都必须通过外科手术才能完成治疗。,熊猫知识
大熊猫,肿瘤,RELATED_TO,D:\panda\docs\熊猫知识\[202109021950]大熊猫奇妙课堂大熊猫的病历本.md,大熊猫外科疾病最常见的是外伤、骨折、颅脑损伤、肿瘤等，这些疾病都必须通过外科手术才能完成治疗。,熊猫知识
外伤,外科手术,RELATED_TO,D:\panda\docs\熊猫知识\[202109021950]大熊猫奇妙课堂大熊猫的病历本.md,大熊猫外科疾病最常见的是外伤、骨折、颅脑损伤、肿瘤等，这些疾病都必须通过外科手术才能完成治疗。,熊猫知识
骨折,外科手术,RELATED_TO,D:\panda\docs\熊猫知识\[202109021950]大熊猫奇妙课堂大熊猫的病历本.md,大熊猫外科疾病最常见的是外伤、骨折、颅脑损伤、肿瘤等，这些疾病都必须通过外科手术才能完成治疗。,熊猫知识
颅脑损伤,外科手术,RELATED_TO,D:\panda\docs\熊猫知识\[202109021950]大熊猫奇妙课堂大熊猫的病历本.md,大熊猫外科疾病最常见的是外伤、骨折、颅脑损伤、肿瘤等，这些疾病都必须通过外科手术才能完成治疗。,熊猫知识
肿瘤,外科手术,RELATED_TO,D:\panda\docs\熊猫知识\[202109021950]大熊猫奇妙课堂大熊猫的病历本.md,大熊猫外科疾病最常见的是外伤、骨折、颅脑损伤、肿瘤等，这些疾病都必须通过外科手术才能完成治疗。,熊猫知识
大熊猫,流产,RELATED_TO,D:\panda\docs\熊猫知识\[202109021950]大熊猫奇妙课堂大熊猫的病历本.md,大熊猫产科疾病主要包括：流产、难产、外阴水肿、子宫内膜炎、卵巢囊肿、输卵管堵塞、不育症等。最常见的疾病主要有流产。,熊猫知识
大熊猫,难产,RELATED_TO,D:\panda\docs\熊猫知识\[202109021950]大熊猫奇妙课堂大熊猫的病历本.md,大熊猫产科疾病主要包括：流产、难产、外阴水肿、子宫内膜炎、卵巢囊肿、输卵管堵塞、不育症等。最常见的疾病主要有流产。,熊猫知识
大熊猫,外阴水肿,RELATED_TO,D:\panda\docs\熊猫知识\[202109021950]大熊猫奇妙课堂大熊猫的病历本.md,大熊猫产科疾病主要包括：流产、难产、外阴水肿、子宫内膜炎、卵巢囊肿、输卵管堵塞、不育症等。最常见的疾病主要有流产。,熊猫知识
大熊猫,子宫内膜炎,RELATED_TO,D:\panda\docs\熊猫知识\[202109021950]大熊猫奇妙课堂大熊猫的病历本.md,大熊猫产科疾病主要包括：流产、难产、外阴水肿、子宫内膜炎、卵巢囊肿、输卵管堵塞、不育症等。最常见的疾病主要有流产。,熊猫知识
大熊猫,卵巢囊肿,RELATED_TO,D:\panda\docs\熊猫知识\[202109021950]大熊猫奇妙课堂大熊猫的病历本.md,大熊猫产科疾病主要包括：流产、难产、外阴水肿、子宫内膜炎、卵巢囊肿、输卵管堵塞、不育症等。最常见的疾病主要有流产。,熊猫知识
大熊猫,输卵管堵塞,RELATED_TO,D:\panda\docs\熊猫知识\[202109021950]大熊猫奇妙课堂大熊猫的病历本.md,大熊猫产科疾病主要包括：流产、难产、外阴水肿、子宫内膜炎、卵巢囊肿、输卵管堵塞、不育症等。最常见的疾病主要有流产。,熊猫知识
大熊猫,不育症,RELATED_TO,D:\panda\docs\熊猫知识\[202109021950]大熊猫奇妙课堂大熊猫的病历本.md,大熊猫产科疾病主要包括：流产、难产、外阴水肿、子宫内膜炎、卵巢囊肿、输卵管堵塞、不育症等。最常见的疾病主要有流产。,熊猫知识
大熊猫,齿裂,RELATED_TO,D:\panda\docs\熊猫知识\[202109021950]大熊猫奇妙课堂大熊猫的病历本.md,大熊猫因为长期吃竹子的原因，很容易患上牙齿疾病，主要是齿裂和磨损过度。,熊猫知识
大熊猫,磨损过度,RELATED_TO,D:\panda\docs\熊猫知识\[202109021950]大熊猫奇妙课堂大熊猫的病历本.md,大熊猫因为长期吃竹子的原因，很容易患上牙齿疾病，主要是齿裂和磨损过度。,熊猫知识
大熊猫牙齿疾病,修补,RELATED_TO,D:\panda\docs\熊猫知识\[202109021950]大熊猫奇妙课堂大熊猫的病历本.md,在人工饲养的条件下是可以进行修补的，并且可以提供一下新鲜的一二年生竹子，让大熊猫吃得不用那么费劲，少得牙齿疾病。,熊猫知识
大熊猫牙齿疾病,一二年生竹子,RELATED_TO,D:\panda\docs\熊猫知识\[202109021950]大熊猫奇妙课堂大熊猫的病历本.md,在人工饲养的条件下是可以进行修补的，并且可以提供一下新鲜的一二年生竹子，让大熊猫吃得不用那么费劲，少得牙齿疾病。,熊猫知识
大熊猫,病毒性传染病,RELATED_TO,D:\panda\docs\熊猫知识\[202109021950]大熊猫奇妙课堂大熊猫的病历本.md,大熊猫传染病是一类对大熊猫种群健康和生命安全具有极大威胁的疾病，根据病原微生物的不同特征，可分为病毒性传染病、细菌性传染病和真菌类传染病。,熊猫知识
大熊猫,细菌性传染病,RELATED_TO,D:\panda\docs\熊猫知识\[202109021950]大熊猫奇妙课堂大熊猫的病历本.md,大熊猫传染病是一类对大熊猫种群健康和生命安全具有极大威胁的疾病，根据病原微生物的不同特征，可分为病毒性传染病、细菌性传染病和真菌类传染病。,熊猫知识
大熊猫,真菌类传染病,RELATED_TO,D:\panda\docs\熊猫知识\[202109021950]大熊猫奇妙课堂大熊猫的病历本.md,大熊猫传染病是一类对大熊猫种群健康和生命安全具有极大威胁的疾病，根据病原微生物的不同特征，可分为病毒性传染病、细菌性传染病和真菌类传染病。,熊猫知识
大熊猫出血性肠炎,侵袭性大肠杆菌O152,RELATED_TO,D:\panda\docs\熊猫知识\[202109021950]大熊猫奇妙课堂大熊猫的病历本.md,上世纪八十年代因为抢救野生大熊猫而传入圈养种群的由侵袭性大肠杆菌O152引起的出血性肠炎，2年内导致了近20只大熊猫死亡,熊猫知识
侵袭性大肠杆菌O152,出血性肠炎,RELATED_TO,D:\panda\docs\熊猫知识\[202109021950]大熊猫奇妙课堂大熊猫的病历本.md,上世纪八十年代因为抢救野生大熊猫而传入圈养种群的由侵袭性大肠杆菌O152引起的出血性肠炎，2年内导致了近20只大熊猫死亡,熊猫知识
大熊猫出血性肠炎,2年内,RELATED_TO,D:\panda\docs\熊猫知识\[202109021950]大熊猫奇妙课堂大熊猫的病历本.md,上世纪八十年代因为抢救野生大熊猫而传入圈养种群的由侵袭性大肠杆菌O152引起的出血性肠炎，2年内导致了近20只大熊猫死亡,熊猫知识
大熊猫出血性肠炎,近20只,RELATED_TO,D:\panda\docs\熊猫知识\[202109021950]大熊猫奇妙课堂大熊猫的病历本.md,上世纪八十年代因为抢救野生大熊猫而传入圈养种群的由侵袭性大肠杆菌O152引起的出血性肠炎，2年内导致了近20只大熊猫死亡,熊猫知识
大熊猫顽固性腹泻病,轮状病毒,RELATED_TO,D:\panda\docs\熊猫知识\[202109021950]大熊猫奇妙课堂大熊猫的病历本.md,轮状病毒导致大熊猫断奶幼仔顽固性腹泻病和慢性营养不良综合症,熊猫知识
大熊猫慢性营养不良综合症,轮状病毒,RELATED_TO,D:\panda\docs\熊猫知识\[202109021950]大熊猫奇妙课堂大熊猫的病历本.md,轮状病毒导致大熊猫断奶幼仔顽固性腹泻病和慢性营养不良综合症,熊猫知识
熊猫瘟热病,犬瘟热病毒,RELATED_TO,D:\panda\docs\熊猫知识\[202109021950]大熊猫奇妙课堂大熊猫的病历本.md,犬瘟热病毒导致的熊猫瘟热病,熊猫知识
大熊猫病毒性肠炎,细小病毒,RELATED_TO,D:\panda\docs\熊猫知识\[202109021950]大熊猫奇妙课堂大熊猫的病历本.md,细小病毒导致的大熊猫病毒性肠炎,熊猫知识
大熊猫,22种,RELATED_TO,D:\panda\docs\熊猫知识\[202109021950]大熊猫奇妙课堂大熊猫的病历本.md,科学家们在大熊猫身上共发现22种寄生虫。,熊猫知识
大熊猫,蛔虫病,RELATED_TO,D:\panda\docs\熊猫知识\[202109021950]大熊猫奇妙课堂大熊猫的病历本.md,大熊猫最为常见的寄生虫病主要包括蛔虫病、痒螨病、蠕形螨病、蜱病等。,熊猫知识
大熊猫,痒螨病,RELATED_TO,D:\panda\docs\熊猫知识\[202109021950]大熊猫奇妙课堂大熊猫的病历本.md,大熊猫最为常见的寄生虫病主要包括蛔虫病、痒螨病、蠕形螨病、蜱病等。,熊猫知识
大熊猫,蠕形螨病,RELATED_TO,D:\panda\docs\熊猫知识\[202109021950]大熊猫奇妙课堂大熊猫的病历本.md,大熊猫最为常见的寄生虫病主要包括蛔虫病、痒螨病、蠕形螨病、蜱病等。,熊猫知识
大熊猫,蜱病,RELATED_TO,D:\panda\docs\熊猫知识\[202109021950]大熊猫奇妙课堂大熊猫的病历本.md,大熊猫最为常见的寄生虫病主要包括蛔虫病、痒螨病、蠕形螨病、蜱病等。,熊猫知识
大熊猫,圈养条件,RELATED_TO,D:\panda\docs\熊猫知识\[202109021950]大熊猫奇妙课堂大熊猫的病历本.md,圈养条件下，大熊猫由于受到人类良好的医疗护理，寄生虫病的感染率和感染强度往往很低，通常不会对生命安全构成严重威胁。,熊猫知识
大熊猫,野外条件,RELATED_TO,D:\panda\docs\熊猫知识\[202109021950]大熊猫奇妙课堂大熊猫的病历本.md,在野外条件下，大熊猫无法得到人类良好的医疗护理，寄生虫病的感染率和感染强度都远远高于圈养大熊猫，并已成为野生大熊猫消瘦和发生死亡的主要病原。,熊猫知识
野生大熊猫,100%,RELATED_TO,D:\panda\docs\熊猫知识\[202109021950]大熊猫奇妙课堂大熊猫的病历本.md,经科学家研究发现：野生大熊猫蛔虫感染率达到100%，甚至有一只野生大熊猫感染蛔虫数量达到1605条。,熊猫知识
野生大熊猫,1605条,RELATED_TO,D:\panda\docs\熊猫知识\[202109021950]大熊猫奇妙课堂大熊猫的病历本.md,经科学家研究发现：野生大熊猫蛔虫感染率达到100%，甚至有一只野生大熊猫感染蛔虫数量达到1605条。,熊猫知识
大熊猫,体温,RELATED_TO,D:\panda\docs\熊猫知识\[202109021950]大熊猫奇妙课堂大熊猫的病历本.md,体温、呼吸与脉搏是动物生命体征的重要生理指标，也是鉴别大熊猫是否健康的基本表征。,熊猫知识
大熊猫,呼吸,RELATED_TO,D:\panda\docs\熊猫知识\[202109021950]大熊猫奇妙课堂大熊猫的病历本.md,体温、呼吸与脉搏是动物生命体征的重要生理指标，也是鉴别大熊猫是否健康的基本表征。,熊猫知识
大熊猫,脉搏,RELATED_TO,D:\panda\docs\熊猫知识\[202109021950]大熊猫奇妙课堂大熊猫的病历本.md,体温、呼吸与脉搏是动物生命体征的重要生理指标，也是鉴别大熊猫是否健康的基本表征。,熊猫知识
大熊猫,血液,RELATED_TO,D:\panda\docs\熊猫知识\[202109021950]大熊猫奇妙课堂大熊猫的病历本.md,兽医会通过检查大熊猫的血液、尿液、粪便和组织样本来分析病因，并制定最好的治疗方案,熊猫知识
大熊猫,尿液,RELATED_TO,D:\panda\docs\熊猫知识\[202109021950]大熊猫奇妙课堂大熊猫的病历本.md,兽医会通过检查大熊猫的血液、尿液、粪便和组织样本来分析病因，并制定最好的治疗方案,熊猫知识
大熊猫,粪便,RELATED_TO,D:\panda\docs\熊猫知识\[202109021950]大熊猫奇妙课堂大熊猫的病历本.md,兽医会通过检查大熊猫的血液、尿液、粪便和组织样本来分析病因，并制定最好的治疗方案,熊猫知识
大熊猫,组织样本,RELATED_TO,D:\panda\docs\熊猫知识\[202109021950]大熊猫奇妙课堂大熊猫的病历本.md,兽医会通过检查大熊猫的血液、尿液、粪便和组织样本来分析病因，并制定最好的治疗方案,熊猫知识
大熊猫传染病,饲养管理,RELATED_TO,D:\panda\docs\熊猫知识\[202109021950]大熊猫奇妙课堂大熊猫的病历本.md,加强大熊猫的饲养管理，提高大熊猫自身的抗病能力,熊猫知识
兽舍和运动场,倍特,RELATED_TO,D:\panda\docs\熊猫知识\[202109021950]大熊猫奇妙课堂大熊猫的病历本.md,对兽舍和运动场等设施使用倍特、双甲脒等药物进行定期的预防性消毒，这对预防寄生虫病很重要,熊猫知识
兽舍和运动场,双甲脒,RELATED_TO,D:\panda\docs\熊猫知识\[202109021950]大熊猫奇妙课堂大熊猫的病历本.md,对兽舍和运动场等设施使用倍特、双甲脒等药物进行定期的预防性消毒，这对预防寄生虫病很重要,熊猫知识
新引进大熊猫,两个月以上,RELATED_TO,D:\panda\docs\熊猫知识\[202109021950]大熊猫奇妙课堂大熊猫的病历本.md,对回国或从外地运进的大熊猫进行严格的隔离饲养，由专职兽医和饲养员看护，隔离器要求达到两个月以上，可有效避免代入寄生虫或其他传染病。,熊猫知识
疑似患病个体兽舍及周边,漂白粉,RELATED_TO,D:\panda\docs\熊猫知识\[202109021950]大熊猫奇妙课堂大熊猫的病历本.md,如果发现了疑似患病个体时，应迅速采样送检并将其兽舍和周边都使用漂白粉、来苏尔、84消毒液进行严格的消毒,熊猫知识
疑似患病个体兽舍及周边,来苏尔,RELATED_TO,D:\panda\docs\熊猫知识\[202109021950]大熊猫奇妙课堂大熊猫的病历本.md,如果发现了疑似患病个体时，应迅速采样送检并将其兽舍和周边都使用漂白粉、来苏尔、84消毒液进行严格的消毒,熊猫知识
疑似患病个体兽舍及周边,84消毒液,RELATED_TO,D:\panda\docs\熊猫知识\[202109021950]大熊猫奇妙课堂大熊猫的病历本.md,如果发现了疑似患病个体时，应迅速采样送检并将其兽舍和周边都使用漂白粉、来苏尔、84消毒液进行严格的消毒,熊猫知识
大熊猫,每年,RELATED_TO,D:\panda\docs\熊猫知识\[202109021950]大熊猫奇妙课堂大熊猫的病历本.md,最有效的预防措施就是每年给大熊猫接种疫苗。,熊猫知识
大熊猫,侵袭性大肠杆菌O152引起的大熊猫出血性肠炎,RELATED_TO,D:\panda\docs\熊猫知识\[202109021950]大熊猫奇妙课堂大熊猫的病历本.md,目前针对侵袭性大肠杆菌O152引起的大熊猫出血性肠炎、轮状病毒感染导致的大熊猫断奶幼兽顽固性腹泻病和慢性营养不良综合症等危害较大的病已作出有效预防措施，并已筛选出专门用于大熊猫抗击犬瘟热病毒感染的预防疫苗。,熊猫知识
大熊猫,轮状病毒感染导致的大熊猫断奶幼兽顽固性腹泻病,RELATED_TO,D:\panda\docs\熊猫知识\[202109021950]大熊猫奇妙课堂大熊猫的病历本.md,目前针对侵袭性大肠杆菌O152引起的大熊猫出血性肠炎、轮状病毒感染导致的大熊猫断奶幼兽顽固性腹泻病和慢性营养不良综合症等危害较大的病已作出有效预防措施，并已筛选出专门用于大熊猫抗击犬瘟热病毒感染的预防疫苗。,熊猫知识
大熊猫,轮状病毒感染导致的大熊猫慢性营养不良综合症,RELATED_TO,D:\panda\docs\熊猫知识\[202109021950]大熊猫奇妙课堂大熊猫的病历本.md,目前针对侵袭性大肠杆菌O152引起的大熊猫出血性肠炎、轮状病毒感染导致的大熊猫断奶幼兽顽固性腹泻病和慢性营养不良综合症等危害较大的病已作出有效预防措施，并已筛选出专门用于大熊猫抗击犬瘟热病毒感染的预防疫苗。,熊猫知识
大熊猫,犬瘟热病毒,RELATED_TO,D:\panda\docs\熊猫知识\[202109021950]大熊猫奇妙课堂大熊猫的病历本.md,目前针对侵袭性大肠杆菌O152引起的大熊猫出血性肠炎、轮状病毒感染导致的大熊猫断奶幼兽顽固性腹泻病和慢性营养不良综合症等危害较大的病已作出有效预防措施，并已筛选出专门用于大熊猫抗击犬瘟热病毒感染的预防疫苗。,熊猫知识
大熊猫作为对外交往礼物,唐朝,RELATED_TO,D:\panda\docs\熊猫知识\[202109041000]大熊猫奇妙课堂大熊猫国际合作交流.md,自唐朝武则天开始，大熊猫就已经成了搭建国与国之间友好交往的桥梁。,熊猫知识
大熊猫,武则天,RELATED_TO,D:\panda\docs\熊猫知识\[202109041000]大熊猫奇妙课堂大熊猫国际合作交流.md,自唐朝武则天开始，大熊猫就已经成了搭建国与国之间友好交往的桥梁。,熊猫知识
宋美龄,1941年,RELATED_TO,D:\panda\docs\熊猫知识\[202109041000]大熊猫奇妙课堂大熊猫国际合作交流.md,1941年，宋美龄曾将一对大熊猫“潘达”“潘弟”送给美国。,熊猫知识
大熊猫,潘达,RELATED_TO,D:\panda\docs\熊猫知识\[202109041000]大熊猫奇妙课堂大熊猫国际合作交流.md,1941年，宋美龄曾将一对大熊猫“潘达”“潘弟”送给美国。,熊猫知识
大熊猫,潘弟,RELATED_TO,D:\panda\docs\熊猫知识\[202109041000]大熊猫奇妙课堂大熊猫国际合作交流.md,1941年，宋美龄曾将一对大熊猫“潘达”“潘弟”送给美国。,熊猫知识
宋美龄,美国,RELATED_TO,D:\panda\docs\熊猫知识\[202109041000]大熊猫奇妙课堂大熊猫国际合作交流.md,1941年，宋美龄曾将一对大熊猫“潘达”“潘弟”送给美国。,熊猫知识
中国政府,1957-1980年,RELATED_TO,D:\panda\docs\熊猫知识\[202109041000]大熊猫奇妙课堂大熊猫国际合作交流.md,中华人民共和国成立后，自1957-1980年，我国政府陆续将25只大熊猫作为国礼赠送给了9个国家。,熊猫知识
中国政府,25只,RELATED_TO,D:\panda\docs\熊猫知识\[202109041000]大熊猫奇妙课堂大熊猫国际合作交流.md,中华人民共和国成立后，自1957-1980年，我国政府陆续将25只大熊猫作为国礼赠送给了9个国家。,熊猫知识
大熊猫国礼,9个,RELATED_TO,D:\panda\docs\熊猫知识\[202109041000]大熊猫奇妙课堂大熊猫国际合作交流.md,中华人民共和国成立后，自1957-1980年，我国政府陆续将25只大熊猫作为国礼赠送给了9个国家。,熊猫知识
中国政府,1972年2月,RELATED_TO,D:\panda\docs\熊猫知识\[202109041000]大熊猫奇妙课堂大熊猫国际合作交流.md,1972年2月，美国总统尼克松访向中国……中国政府决定赠送给美国人民一份国礼，即大熊猫“玲玲”“兴兴”。,熊猫知识
大熊猫‘玲玲’‘兴兴’,尼克松,RELATED_TO,D:\panda\docs\熊猫知识\[202109041000]大熊猫奇妙课堂大熊猫国际合作交流.md,1972年2月，美国总统尼克松访向中国……中国政府决定赠送给美国人民一份国礼，即大熊猫“玲玲”“兴兴”。,熊猫知识
大熊猫,玲玲,RELATED_TO,D:\panda\docs\熊猫知识\[202109041000]大熊猫奇妙课堂大熊猫国际合作交流.md,1972年2月，美国总统尼克松访向中国……中国政府决定赠送给美国人民一份国礼，即大熊猫“玲玲”“兴兴”。,熊猫知识
大熊猫,兴兴,RELATED_TO,D:\panda\docs\熊猫知识\[202109041000]大熊猫奇妙课堂大熊猫国际合作交流.md,1972年2月，美国总统尼克松访向中国……中国政府决定赠送给美国人民一份国礼，即大熊猫“玲玲”“兴兴”。,熊猫知识
大熊猫‘玲玲’‘兴兴’,华盛顿,RELATED_TO,D:\panda\docs\熊猫知识\[202109041000]大熊猫奇妙课堂大熊猫国际合作交流.md,当时，“玲玲”“兴兴”抵达华盛顿时，美国各界人士八千余人冒雨迎接……这一年，被美国定为“大熊猫年”。,熊猫知识
1972年,大熊猫年,RELATED_TO,D:\panda\docs\熊猫知识\[202109041000]大熊猫奇妙课堂大熊猫国际合作交流.md,当时，“玲玲”“兴兴”抵达华盛顿时，美国各界人士八千余人冒雨迎接……这一年，被美国定为“大熊猫年”。,熊猫知识
Chi-Chi,1961年,RELATED_TO,D:\panda\docs\熊猫知识\[202109041000]大熊猫奇妙课堂大熊猫国际合作交流.md,Chi-Chi是一只于1961年移居伦敦动物园的大熊猫。,熊猫知识
Chi-Chi,伦敦动物园,RELATED_TO,D:\panda\docs\熊猫知识\[202109041000]大熊猫奇妙课堂大熊猫国际合作交流.md,Chi-Chi是一只于1961年移居伦敦动物园的大熊猫。,熊猫知识
大熊猫,Chi-Chi,RELATED_TO,D:\panda\docs\熊猫知识\[202109041000]大熊猫奇妙课堂大熊猫国际合作交流.md,Chi-Chi是一只于1961年移居伦敦动物园的大熊猫。,熊猫知识
WWF徽标,Gerald Watterson,WWF,D:\panda\docs\熊猫知识\[202109041000]大熊猫奇妙课堂大熊猫国际合作交流.md,第一个草图是由英国环境主义者和艺术家Gerald Watterson打的底稿。,熊猫知识
WWF徽标,Peter Scott,WWF,D:\panda\docs\熊猫知识\[202109041000]大熊猫奇妙课堂大熊猫国际合作交流.md,WWF的筹建者之一，Peter Scott爵士，在这个基础之上，绘制了第一个正式的WWF徽标。,熊猫知识
首届中国大熊猫国际文化周,2018年8月23日,RELATED_TO,D:\panda\docs\熊猫知识\[202109041000]大熊猫奇妙课堂大熊猫国际合作交流.md,2018年8月23日，主题为“熊猫文化·世界共享”的“首届中国大熊猫国际文化周”在北京中华世纪坛开幕。,熊猫知识
首届中国大熊猫国际文化周,北京中华世纪坛,RELATED_TO,D:\panda\docs\熊猫知识\[202109041000]大熊猫奇妙课堂大熊猫国际合作交流.md,2018年8月23日，主题为“熊猫文化·世界共享”的“首届中国大熊猫国际文化周”在北京中华世纪坛开幕。,熊猫知识
首届中国大熊猫国际文化周,四川,RELATED_TO,D:\panda\docs\熊猫知识\[202109041000]大熊猫奇妙课堂大熊猫国际合作交流.md,在此期间，首届中国大熊猫国际文化周系列主题日活动也将同步展开，“熊猫中国·四川主题日”活动、“熊猫中国·陕西主题日”活动、“熊猫中国·甘肃主题日”活动……,熊猫知识
首届中国大熊猫国际文化周,陕西,RELATED_TO,D:\panda\docs\熊猫知识\[202109041000]大熊猫奇妙课堂大熊猫国际合作交流.md,在此期间，首届中国大熊猫国际文化周系列主题日活动也将同步展开，“熊猫中国·四川主题日”活动、“熊猫中国·陕西主题日”活动、“熊猫中国·甘肃主题日”活动……,熊猫知识
首届中国大熊猫国际文化周,甘肃,RELATED_TO,D:\panda\docs\熊猫知识\[202109041000]大熊猫奇妙课堂大熊猫国际合作交流.md,在此期间，首届中国大熊猫国际文化周系列主题日活动也将同步展开，“熊猫中国·四川主题日”活动、“熊猫中国·陕西主题日”活动、“熊猫中国·甘肃主题日”活动……,熊猫知识
大熊猫“福龙”,2007年8月23日,RELATED_TO,D:\panda\docs\熊猫知识\[202109071259]大熊猫奇妙课堂海归大熊猫.md,大熊猫“福龙”2007年8月23日在奥地利美泉宫动物园出生，2009年11月回到中国大熊猫保护研究中心。,熊猫知识
大熊猫“福龙”,奥地利美泉宫动物园,RELATED_TO,D:\panda\docs\熊猫知识\[202109071259]大熊猫奇妙课堂海归大熊猫.md,大熊猫“福龙”2007年8月23日在奥地利美泉宫动物园出生，2009年11月回到中国大熊猫保护研究中心。,熊猫知识
大熊猫“福龙”,2009年11月,RELATED_TO,D:\panda\docs\熊猫知识\[202109071259]大熊猫奇妙课堂海归大熊猫.md,大熊猫“福龙”2007年8月23日在奥地利美泉宫动物园出生，2009年11月回到中国大熊猫保护研究中心。,熊猫知识
大熊猫“福虎”,2010年8月23日,RELATED_TO,D:\panda\docs\熊猫知识\[202109071259]大熊猫奇妙课堂海归大熊猫.md,大熊猫“福虎”于２０１０年８月23日出生在维也纳美泉宫动物园，大熊猫“福虎”已于２００12年１１月回到中国大熊猫保护研究中心。,熊猫知识
大熊猫“福虎”,维也纳美泉宫动物园,RELATED_TO,D:\panda\docs\熊猫知识\[202109071259]大熊猫奇妙课堂海归大熊猫.md,大熊猫“福虎”于２０１０年８月23日出生在维也纳美泉宫动物园，大熊猫“福虎”已于２００12年１１月回到中国大熊猫保护研究中心。,熊猫知识
大熊猫“福虎”,2012年11月,RELATED_TO,D:\panda\docs\熊猫知识\[202109071259]大熊猫奇妙课堂海归大熊猫.md,大熊猫“福虎”于２０１０年８月23日出生在维也纳美泉宫动物园，大熊猫“福虎”已于２００12年１１月回到中国大熊猫保护研究中心。,熊猫知识
大熊猫“福豹”,2013年8月14日,RELATED_TO,D:\panda\docs\熊猫知识\[202109071259]大熊猫奇妙课堂海归大熊猫.md,大熊猫“福豹”于2013年8月14日出生于奥地利美泉宫动物园，2015年11月，福豹从奥地利回到中国大熊猫保护研究中心生活。,熊猫知识
大熊猫“福豹”,奥地利美泉宫动物园,RELATED_TO,D:\panda\docs\熊猫知识\[202109071259]大熊猫奇妙课堂海归大熊猫.md,大熊猫“福豹”于2013年8月14日出生于奥地利美泉宫动物园，2015年11月，福豹从奥地利回到中国大熊猫保护研究中心生活。,熊猫知识
大熊猫“福豹”,2015年11月,RELATED_TO,D:\panda\docs\熊猫知识\[202109071259]大熊猫奇妙课堂海归大熊猫.md,大熊猫“福豹”于2013年8月14日出生于奥地利美泉宫动物园，2015年11月，福豹从奥地利回到中国大熊猫保护研究中心生活。,熊猫知识
大熊猫“福凤”,2016年8月7日,RELATED_TO,D:\panda\docs\熊猫知识\[202109071259]大熊猫奇妙课堂海归大熊猫.md,2016年8月7日大熊猫龙凤胎“福凤”“福伴”出生于奥地利美泉宫动物园,熊猫知识
大熊猫“福伴”,2016年8月7日,RELATED_TO,D:\panda\docs\熊猫知识\[202109071259]大熊猫奇妙课堂海归大熊猫.md,2016年8月7日大熊猫龙凤胎“福凤”“福伴”出生于奥地利美泉宫动物园,熊猫知识
大熊猫“福凤”,奥地利美泉宫动物园,RELATED_TO,D:\panda\docs\熊猫知识\[202109071259]大熊猫奇妙课堂海归大熊猫.md,2016年8月7日大熊猫龙凤胎“福凤”“福伴”出生于奥地利美泉宫动物园,熊猫知识
大熊猫“福伴”,奥地利美泉宫动物园,RELATED_TO,D:\panda\docs\熊猫知识\[202109071259]大熊猫奇妙课堂海归大熊猫.md,2016年8月7日大熊猫龙凤胎“福凤”“福伴”出生于奥地利美泉宫动物园,熊猫知识
大熊猫“福凤”,2018年12月4日,RELATED_TO,D:\panda\docs\熊猫知识\[202109071259]大熊猫奇妙课堂海归大熊猫.md,大熊猫“福凤”和“福伴”于2018年12月4日回到中国大熊猫保护研究中心,熊猫知识
大熊猫“福伴”,2018年12月4日,RELATED_TO,D:\panda\docs\熊猫知识\[202109071259]大熊猫奇妙课堂海归大熊猫.md,大熊猫“福凤”和“福伴”于2018年12月4日回到中国大熊猫保护研究中心,熊猫知识
大熊猫“白云”,1996年9月10日,RELATED_TO,D:\panda\docs\熊猫知识\[202109071259]大熊猫奇妙课堂海归大熊猫.md,1996年9月10日雌性大熊猫“白云”和雄性大熊猫“石石”(2003年回国)一起前往美国圣地亚哥动物园生活,熊猫知识
大熊猫“白云”,美国圣地亚哥动物园,RELATED_TO,D:\panda\docs\熊猫知识\[202109071259]大熊猫奇妙课堂海归大熊猫.md,1996年9月10日雌性大熊猫“白云”和雄性大熊猫“石石”(2003年回国)一起前往美国圣地亚哥动物园生活,熊猫知识
大熊猫“华美”,1999年8月21日,RELATED_TO,D:\panda\docs\熊猫知识\[202109071259]大熊猫奇妙课堂海归大熊猫.md,1999年8月21日，大熊猫“白云”生下和大熊猫“石石”的女儿大熊猫“华美”,熊猫知识
大熊猫“华美”,2004年2月13日,RELATED_TO,D:\panda\docs\熊猫知识\[202109071259]大熊猫奇妙课堂海归大熊猫.md,大熊猫“华美”于2004年2月13日回到中国大熊猫保护研究中心。,熊猫知识
大熊猫“美生”,2003年8月19日,RELATED_TO,D:\panda\docs\熊猫知识\[202109071259]大熊猫奇妙课堂海归大熊猫.md,2003年8月19日，大熊猫“美生”出生在美国圣地亚哥动物园，于2007年11月7日回到中国大熊猫保护研究中心。,熊猫知识
大熊猫“美生”,美国圣地亚哥动物园,RELATED_TO,D:\panda\docs\熊猫知识\[202109071259]大熊猫奇妙课堂海归大熊猫.md,2003年8月19日，大熊猫“美生”出生在美国圣地亚哥动物园，于2007年11月7日回到中国大熊猫保护研究中心。,熊猫知识
大熊猫“美生”,2007年11月7日,RELATED_TO,D:\panda\docs\熊猫知识\[202109071259]大熊猫奇妙课堂海归大熊猫.md,2003年8月19日，大熊猫“美生”出生在美国圣地亚哥动物园，于2007年11月7日回到中国大熊猫保护研究中心。,熊猫知识
大熊猫“苏琳”,2005年8月2日,RELATED_TO,D:\panda\docs\熊猫知识\[202109071259]大熊猫奇妙课堂海归大熊猫.md,"2005年8月2日，大熊猫“苏琳”出生于美国圣地亚哥动物园,于2010年9月26日回到中国大熊猫保护研究中心。",熊猫知识
大熊猫“苏琳”,美国圣地亚哥动物园,RELATED_TO,D:\panda\docs\熊猫知识\[202109071259]大熊猫奇妙课堂海归大熊猫.md,"2005年8月2日，大熊猫“苏琳”出生于美国圣地亚哥动物园,于2010年9月26日回到中国大熊猫保护研究中心。",熊猫知识
大熊猫“苏琳”,2010年9月26日,RELATED_TO,D:\panda\docs\熊猫知识\[202109071259]大熊猫奇妙课堂海归大熊猫.md,"2005年8月2日，大熊猫“苏琳”出生于美国圣地亚哥动物园,于2010年9月26日回到中国大熊猫保护研究中心。",熊猫知识
大熊猫“珍珍”,2007年8月3日,RELATED_TO,D:\panda\docs\熊猫知识\[202109071259]大熊猫奇妙课堂海归大熊猫.md,"2007年8月3日，大熊猫“珍珍”出生于美国圣地亚哥动物园,于2010年9月26日回到中国大熊猫保护研究中心。",熊猫知识
大熊猫“珍珍”,美国圣地亚哥动物园,RELATED_TO,D:\panda\docs\熊猫知识\[202109071259]大熊猫奇妙课堂海归大熊猫.md,"2007年8月3日，大熊猫“珍珍”出生于美国圣地亚哥动物园,于2010年9月26日回到中国大熊猫保护研究中心。",熊猫知识
大熊猫“珍珍”,2010年9月26日,RELATED_TO,D:\panda\docs\熊猫知识\[202109071259]大熊猫奇妙课堂海归大熊猫.md,"2007年8月3日，大熊猫“珍珍”出生于美国圣地亚哥动物园,于2010年9月26日回到中国大熊猫保护研究中心。",熊猫知识
大熊猫“云子”,2009年8月5日,RELATED_TO,D:\panda\docs\熊猫知识\[202109071259]大熊猫奇妙课堂海归大熊猫.md,"2009年8月5日，大熊猫“云子”出生于美国圣地亚哥动物园,于2014年1月11日回到中国大熊猫保护研究中心。",熊猫知识
大熊猫“云子”,美国圣地亚哥动物园,RELATED_TO,D:\panda\docs\熊猫知识\[202109071259]大熊猫奇妙课堂海归大熊猫.md,"2009年8月5日，大熊猫“云子”出生于美国圣地亚哥动物园,于2014年1月11日回到中国大熊猫保护研究中心。",熊猫知识
大熊猫“云子”,2014年1月11日,RELATED_TO,D:\panda\docs\熊猫知识\[202109071259]大熊猫奇妙课堂海归大熊猫.md,"2009年8月5日，大熊猫“云子”出生于美国圣地亚哥动物园,于2014年1月11日回到中国大熊猫保护研究中心。",熊猫知识
大熊猫“小礼物”,2012年7月29日,RELATED_TO,D:\panda\docs\熊猫知识\[202109071259]大熊猫奇妙课堂海归大熊猫.md,2012年7月29日，大熊猫“小礼物”出生于美国圣地亚哥动物园，2019年5月16日27岁的“白云”和6岁的“小礼物”回到四川“老家”。,熊猫知识
大熊猫“小礼物”,美国圣地亚哥动物园,RELATED_TO,D:\panda\docs\熊猫知识\[202109071259]大熊猫奇妙课堂海归大熊猫.md,2012年7月29日，大熊猫“小礼物”出生于美国圣地亚哥动物园，2019年5月16日27岁的“白云”和6岁的“小礼物”回到四川“老家”。,熊猫知识
大熊猫“小礼物”,2019年5月16日,RELATED_TO,D:\panda\docs\熊猫知识\[202109071259]大熊猫奇妙课堂海归大熊猫.md,2012年7月29日，大熊猫“小礼物”出生于美国圣地亚哥动物园，2019年5月16日27岁的“白云”和6岁的“小礼物”回到四川“老家”。,熊猫知识
大熊猫“小礼物”,四川,RELATED_TO,D:\panda\docs\熊猫知识\[202109071259]大熊猫奇妙课堂海归大熊猫.md,2012年7月29日，大熊猫“小礼物”出生于美国圣地亚哥动物园，2019年5月16日27岁的“白云”和6岁的“小礼物”回到四川“老家”。,熊猫知识
大熊猫“添添”,2001年1月10日,RELATED_TO,D:\panda\docs\熊猫知识\[202109071259]大熊猫奇妙课堂海归大熊猫.md,2001年1月10日来自中国大熊猫保护研究中心的熊猫夫妇“添添”“美香”前往美国华盛顿国家动物园，开展科研合作。,熊猫知识
大熊猫“美香”,2001年1月10日,RELATED_TO,D:\panda\docs\熊猫知识\[202109071259]大熊猫奇妙课堂海归大熊猫.md,2001年1月10日来自中国大熊猫保护研究中心的熊猫夫妇“添添”“美香”前往美国华盛顿国家动物园，开展科研合作。,熊猫知识
大熊猫“添添”,美国华盛顿国家动物园,RELATED_TO,D:\panda\docs\熊猫知识\[202109071259]大熊猫奇妙课堂海归大熊猫.md,2001年1月10日来自中国大熊猫保护研究中心的熊猫夫妇“添添”“美香”前往美国华盛顿国家动物园，开展科研合作。,熊猫知识
大熊猫“美香”,美国华盛顿国家动物园,RELATED_TO,D:\panda\docs\熊猫知识\[202109071259]大熊猫奇妙课堂海归大熊猫.md,2001年1月10日来自中国大熊猫保护研究中心的熊猫夫妇“添添”“美香”前往美国华盛顿国家动物园，开展科研合作。,熊猫知识
大熊猫“泰山”,2005年7月9日,RELATED_TO,D:\panda\docs\熊猫知识\[202109071259]大熊猫奇妙课堂海归大熊猫.md,2005年7月9日，大熊猫“泰山”出生于美国华盛顿国家动物园，于2010年2月5日回到中国大熊猫保护研究中心。,熊猫知识
大熊猫“泰山”,美国华盛顿国家动物园,RELATED_TO,D:\panda\docs\熊猫知识\[202109071259]大熊猫奇妙课堂海归大熊猫.md,2005年7月9日，大熊猫“泰山”出生于美国华盛顿国家动物园，于2010年2月5日回到中国大熊猫保护研究中心。,熊猫知识
大熊猫“泰山”,2010年2月5日,RELATED_TO,D:\panda\docs\熊猫知识\[202109071259]大熊猫奇妙课堂海归大熊猫.md,2005年7月9日，大熊猫“泰山”出生于美国华盛顿国家动物园，于2010年2月5日回到中国大熊猫保护研究中心。,熊猫知识
大熊猫“宝宝”,2013年8月23日,RELATED_TO,D:\panda\docs\熊猫知识\[202109071259]大熊猫奇妙课堂海归大熊猫.md,2013年8月23日，大熊猫“宝宝”出生于美国华盛顿国家动物园，于2017年2月22日回到中国大熊猫保护研究中心。,熊猫知识
大熊猫“宝宝”,美国华盛顿国家动物园,RELATED_TO,D:\panda\docs\熊猫知识\[202109071259]大熊猫奇妙课堂海归大熊猫.md,2013年8月23日，大熊猫“宝宝”出生于美国华盛顿国家动物园，于2017年2月22日回到中国大熊猫保护研究中心。,熊猫知识
大熊猫“宝宝”,2017年2月22日,RELATED_TO,D:\panda\docs\熊猫知识\[202109071259]大熊猫奇妙课堂海归大熊猫.md,2013年8月23日，大熊猫“宝宝”出生于美国华盛顿国家动物园，于2017年2月22日回到中国大熊猫保护研究中心。,熊猫知识
大熊猫“贝贝”,2015年8月22日,RELATED_TO,D:\panda\docs\熊猫知识\[202109071259]大熊猫奇妙课堂海归大熊猫.md,2015年8月22日，大熊猫“贝贝”出生于美国华盛顿国家动物园，于2019年11月21日回到中欧大熊猫保护研究中心。,熊猫知识
大熊猫“贝贝”,美国华盛顿国家动物园,RELATED_TO,D:\panda\docs\熊猫知识\[202109071259]大熊猫奇妙课堂海归大熊猫.md,2015年8月22日，大熊猫“贝贝”出生于美国华盛顿国家动物园，于2019年11月21日回到中欧大熊猫保护研究中心。,熊猫知识
大熊猫“贝贝”,2019年11月21日,RELATED_TO,D:\panda\docs\熊猫知识\[202109071259]大熊猫奇妙课堂海归大熊猫.md,2015年8月22日，大熊猫“贝贝”出生于美国华盛顿国家动物园，于2019年11月21日回到中欧大熊猫保护研究中心。,熊猫知识
大熊猫“小奇迹”,2020年8月21日,RELATED_TO,D:\panda\docs\熊猫知识\[202109071259]大熊猫奇妙课堂海归大熊猫.md,2020年8月21日，大熊猫“小奇迹”出生于美国华盛顿国家动物园。,熊猫知识
大熊猫“小奇迹”,美国华盛顿国家动物园,RELATED_TO,D:\panda\docs\熊猫知识\[202109071259]大熊猫奇妙课堂海归大熊猫.md,2020年8月21日，大熊猫“小奇迹”出生于美国华盛顿国家动物园。,熊猫知识
大熊猫,大熊猫,RELATED_TO,D:\panda\docs\熊猫知识\[202109091900]大熊猫奇妙课堂大熊猫记事.md,据汉代文学大师司马相如在《上林赋》中记载：“其兽则庸旄貘嫠。”,熊猫知识
大熊猫,大熊猫,RELATED_TO,D:\panda\docs\熊猫知识\[202109091900]大熊猫奇妙课堂大熊猫记事.md,"清代诗人王士祯所著《香祖笔记》,记述在四川范山模水中,峨眉(峨眉县)、瓦屋山(洪雅县)及雅州(雅安市)产貔貅。",熊猫知识
大熊猫,大熊猫,RELATED_TO,D:\panda\docs\熊猫知识\[202109091900]大熊猫奇妙课堂大熊猫记事.md,与那时在产区的俗名“白熊”并存。,熊猫知识
A·戴维神父,大熊猫,RELATED_TO,D:\panda\docs\熊猫知识\[202109091900]大熊猫奇妙课堂大熊猫记事.md,"1869年，法国传教士A·戴维神父在四川宝兴发现了大熊猫,把它定名为黑白熊。",熊猫知识
大熊猫,大熊猫,RELATED_TO,D:\panda\docs\熊猫知识\[202109091900]大熊猫奇妙课堂大熊猫记事.md,1939年中国第一次在重庆北碚平民公园展出饲养大熊猫，展出的名字标牌上分别用中、英文字书写“猫熊”，由于当时中文的读写习惯是从右往左，因此游人都将“猫熊”读成了“熊猫”。,熊猫知识
大熊猫,大熊猫,RELATED_TO,D:\panda\docs\熊猫知识\[202109091900]大熊猫奇妙课堂大熊猫记事.md,1939年中国第一次在重庆北碚平民公园展出饲养大熊猫，展出的名字标牌上分别用中、英文字书写“猫熊”，由于当时中文的读写习惯是从右往左，因此游人都将“猫熊”读成了“熊猫”。,熊猫知识
小熊猫,大熊猫,RELATED_TO,D:\panda\docs\熊猫知识\[202109091900]大熊猫奇妙课堂大熊猫记事.md,1825年，法国著名动物学家G·居维叶的儿子F·G·居维叶在喜马拉雅山发现了小熊猫，第一次出现了熊猫( Panda )这个动物学的名称,熊猫知识
大熊猫,上林苑,RELATED_TO,D:\panda\docs\熊猫知识\[202109091900]大熊猫奇妙课堂大熊猫记事.md,秦代有一个叫上林苑的宫苑，苑中就有大熊猫的饲养记载。,熊猫知识
西奥多·罗斯福和克米特·罗斯福,四川冕宁冶勒,RELATED_TO,D:\panda\docs\熊猫知识\[202109091900]大熊猫奇妙课堂大熊猫记事.md,"1929年，美国罗斯福总统的两个儿子,西奥多.罗斯福和克米特.罗斯福在四川冕宁冶勒同时开枪猎杀了1只成年雌体大熊猫",熊猫知识
萨基和谢尔登,四川汶川,RELATED_TO,D:\panda\docs\熊猫知识\[202109091900]大熊猫奇妙课堂大熊猫记事.md,"1934年，美国萨基和谢尔登到四川汶川,同时开枪猎杀了1只成年雌体大熊猫",熊猫知识
潘弟和潘达,纽约布朗克斯动物园,RELATED_TO,D:\panda\docs\熊猫知识\[202109091900]大熊猫奇妙课堂大熊猫记事.md,1941年，蒋介石夫人宋美龄以她个人名义送给美国人民一对熊猫(潘弟、潘达)以感谢他们对中国抗日战争的援助，定居于纽约布朗克斯动物园。,熊猫知识
平平和碛碛,莫斯科国家动物园,RELATED_TO,D:\panda\docs\熊猫知识\[202109091900]大熊猫奇妙课堂大熊猫记事.md,1957年，前苏联最高苏维埃主席团主席伏罗希洛夫访华，我国政府首次以国礼赠送“平平,熊猫知识
玲玲和兴兴,美国,RELATED_TO,D:\panda\docs\熊猫知识\[202109091900]大熊猫奇妙课堂大熊猫记事.md,"1972年，美国总统尼克松访华,我国以国礼赠送给美国人民一对熊猫“玲玲",熊猫知识
我国第一次野外大熊猫调查活动,胡锦矗,RELATED_TO,D:\panda\docs\熊猫知识\[202109091900]大熊猫奇妙课堂大熊猫记事.md,1974年，由四川南充师范学院生物系(今四川西华师范大学生命科学学院)胡锦矗教授牵头，组建了一支约30人的大熊猫野外调查研究队伍一四川省珍稀动物资源调查队，开始了我国第一次野外大熊猫调查活动,熊猫知识
野生大熊猫,2400多只,RELATED_TO,D:\panda\docs\熊猫知识\[202109091900]大熊猫奇妙课堂大熊猫记事.md,1974~1977年，四川、陕西、甘肃三省开始对大熊猫等珍贵动物进行第一次调查。结果查明有大熊猫2400多只。,熊猫知识
野生大熊猫,1100只,RELATED_TO,D:\panda\docs\熊猫知识\[202109091900]大熊猫奇妙课堂大熊猫记事.md,"1985~1988年，在四川、陕西和甘肃三省开展了全国第二次大熊猫调查,经统计全国野生大熊猫共有1100只。",熊猫知识
野生大熊猫,1596只,RELATED_TO,D:\panda\docs\熊猫知识\[202109091900]大熊猫奇妙课堂大熊猫记事.md,"1999~2003年，全国第三次大熊猫调查,结果显示我国野生大熊猫有1596只。",熊猫知识
野生大熊猫,1864只,2013,D:\panda\docs\熊猫知识\[202109091900]大熊猫奇妙课堂大熊猫记事.md,2015年2月28日，国家林草局举行新闻发布会，公布全国第四次大熊猫调查结果。调查结果显示，截至2013年年底，全国野生大熊猫种群数量达1864只，圈养大熊猫种群数量达到375只。,熊猫知识
圈养大熊猫,375只,2013,D:\panda\docs\熊猫知识\[202109091900]大熊猫奇妙课堂大熊猫记事.md,2015年2月28日，国家林草局举行新闻发布会，公布全国第四次大熊猫调查结果。调查结果显示，截至2013年年底，全国野生大熊猫种群数量达1864只，圈养大熊猫种群数量达到375只。,熊猫知识
野生大熊猫,1860只,2020,D:\panda\docs\熊猫知识\[202109091900]大熊猫奇妙课堂大熊猫记事.md,根据最新数据显示，截止2020年年底，全国野生大熊猫种群数量达1860只，圈养大熊猫种群数量已超过600只。,熊猫知识
圈养大熊猫,超过600只,2020,D:\panda\docs\熊猫知识\[202109091900]大熊猫奇妙课堂大熊猫记事.md,根据最新数据显示，截止2020年年底，全国野生大熊猫种群数量达1860只，圈养大熊猫种群数量已超过600只。,熊猫知识
大熊猫,卧龙,RELATED_TO,D:\panda\docs\熊猫知识\[202109091900]大熊猫奇妙课堂大熊猫记事.md,1963年开始建立了卧龙、王朗、白河和喇叭河等大熊猫保护区。,熊猫知识
大熊猫,王朗,RELATED_TO,D:\panda\docs\熊猫知识\[202109091900]大熊猫奇妙课堂大熊猫记事.md,1963年开始建立了卧龙、王朗、白河和喇叭河等大熊猫保护区。,熊猫知识
大熊猫,白河,RELATED_TO,D:\panda\docs\熊猫知识\[202109091900]大熊猫奇妙课堂大熊猫记事.md,1963年开始建立了卧龙、王朗、白河和喇叭河等大熊猫保护区。,熊猫知识
大熊猫,喇叭河,RELATED_TO,D:\panda\docs\熊猫知识\[202109091900]大熊猫奇妙课堂大熊猫记事.md,1963年开始建立了卧龙、王朗、白河和喇叭河等大熊猫保护区。,熊猫知识
五一棚大熊猫生态观察站,卧龙保护区,RELATED_TO,D:\panda\docs\熊猫知识\[202109091900]大熊猫奇妙课堂大熊猫记事.md,"1978年，原南充师范学院(现西华师范大学)在卧龙保护区建立了""五一棚大熊猫生态观察站""",熊猫知识
白熊坪大熊猫生态观察站,青川唐家河自然保护区,RELATED_TO,D:\panda\docs\熊猫知识\[202109091900]大熊猫奇妙课堂大熊猫记事.md,"1983年，在青川唐家河自然保护区,成立了白熊坪大熊猫生态观察站",熊猫知识
马边大风顶大熊猫生态观察站,凉山,RELATED_TO,D:\panda\docs\熊猫知识\[202109091900]大熊猫奇妙课堂大熊猫记事.md,1987年，四川师范学院(现西华师范大学)在凉山建立了马边大风顶大熊猫生态观察站。,熊猫知识
相岭冶勒大熊猫生态观察站,相岭山系冕宁县冶勒自然保护区,RELATED_TO,D:\panda\docs\熊猫知识\[202109091900]大熊猫奇妙课堂大熊猫记事.md,1993年，四川师范学院(现西华师范大学)在相岭山系冕宁县冶勒自然保护区建立了相岭冶勒大熊猫生态观察站。,熊猫知识
大熊猫国家公园试点区,四川、陕西和甘肃三省,RELATED_TO,D:\panda\docs\熊猫知识\[202109091900]大熊猫奇妙课堂大熊猫记事.md,大熊猫国家公园试点区规划范围跨四川、陕西和甘肃三省，总面积为27134平方公里，涉及3个省12个市(州)30个县(市、区)，整合各类自然保护地80余个。,熊猫知识
大熊猫国家公园试点区,27134平方公里,RELATED_TO,D:\panda\docs\熊猫知识\[202109091900]大熊猫奇妙课堂大熊猫记事.md,大熊猫国家公园试点区规划范围跨四川、陕西和甘肃三省，总面积为27134平方公里,熊猫知识
全国,1985年4月,RELATED_TO,D:\panda\docs\熊猫知识\[202109091900]大熊猫奇妙课堂大熊猫记事.md,1985年4月，在全国对散存于个人和单位的大熊猫皮张进行了全面的清理。,熊猫知识
大熊猫皮张犯罪,1987年7月14日,RELATED_TO,D:\panda\docs\熊猫知识\[202109091900]大熊猫奇妙课堂大熊猫记事.md,1987年7月14日，要求“依法严惩猎杀、倒卖、走私大熊猫皮张的犯罪分子”,熊猫知识
中国保护大熊猫及其栖息地工程,1992年,RELATED_TO,D:\panda\docs\熊猫知识\[202109091900]大熊猫奇妙课堂大熊猫记事.md,"1992年启动了""中国保护大熊猫及其栖息地工程""。",熊猫知识
大熊猫,中国保护大熊猫研究中心,RELATED_TO,D:\panda\docs\熊猫知识\[202109091900]大熊猫奇妙课堂大熊猫记事.md,"2004年，国家林草局召开会议确定,坚持以就地保护为主,易地保护为辅。会议确定中国保护大熊猫研究中心、成都大熊猫繁殖研究基地、北京动物园和陕西珍稀动物抢救饲养中心等4个为大熊猫人工繁殖基地。",熊猫知识
大熊猫,成都大熊猫繁殖研究基地,RELATED_TO,D:\panda\docs\熊猫知识\[202109091900]大熊猫奇妙课堂大熊猫记事.md,"2004年，国家林草局召开会议确定,坚持以就地保护为主,易地保护为辅。会议确定中国保护大熊猫研究中心、成都大熊猫繁殖研究基地、北京动物园和陕西珍稀动物抢救饲养中心等4个为大熊猫人工繁殖基地。",熊猫知识
大熊猫,北京动物园,RELATED_TO,D:\panda\docs\熊猫知识\[202109091900]大熊猫奇妙课堂大熊猫记事.md,"2004年，国家林草局召开会议确定,坚持以就地保护为主,易地保护为辅。会议确定中国保护大熊猫研究中心、成都大熊猫繁殖研究基地、北京动物园和陕西珍稀动物抢救饲养中心等4个为大熊猫人工繁殖基地。",熊猫知识
大熊猫,陕西珍稀动物抢救饲养中心,RELATED_TO,D:\panda\docs\熊猫知识\[202109091900]大熊猫奇妙课堂大熊猫记事.md,"2004年，国家林草局召开会议确定,坚持以就地保护为主,易地保护为辅。会议确定中国保护大熊猫研究中心、成都大熊猫繁殖研究基地、北京动物园和陕西珍稀动物抢救饲养中心等4个为大熊猫人工繁殖基地。",熊猫知识
大熊猫国家公园,2017年1月,RELATED_TO,D:\panda\docs\熊猫知识\[202109091900]大熊猫奇妙课堂大熊猫记事.md,2017年1月，大熊猫国家公园体制试点正式启动。,熊猫知识
野生大熊猫,成熟原始森林,RELATED_TO,D:\panda\docs\熊猫知识\[202109111000]大熊猫奇妙课堂大熊猫的保护.md,大熊猫就是一个典型的伞护种，野生大熊猫偏好栖居在没有人为干扰的成熟原始森林,熊猫知识
动物种群,1000只(头)左右,IUCN,D:\panda\docs\熊猫知识\[202109111000]大熊猫奇妙课堂大熊猫的保护.md,世界自然保护联盟(IUCN)主张，当一个动物种群在整个自然环境中的总数量下降到1000只(头)左右时，就有必要将一部分珍稀动物转移到适宜、安全、有保障的人工环境中。,熊猫知识
全国圈养大熊猫,239只,2007,D:\panda\docs\熊猫知识\[202109111000]大熊猫奇妙课堂大熊猫的保护.md,截至2007年底，全国圈养大熊猫数量达到239只，其中人工条件下繁育的个体超过70%,熊猫知识
全国圈养大熊猫,70%,RELATED_TO,D:\panda\docs\熊猫知识\[202109111000]大熊猫奇妙课堂大熊猫的保护.md,截至2007年底，全国圈养大熊猫数量达到239只，其中人工条件下繁育的个体超过70%,熊猫知识
第一批大熊猫自然保护区,900平方千米,RELATED_TO,D:\panda\docs\熊猫知识\[202109111000]大熊猫奇妙课堂大熊猫的保护.md,我国自1963开始建立以保护大熊猫为主的自然保护区，第一批有卧龙自然保护区、王朗自然保护区、喇叭河自然保护区、白水河自然保护区，覆盖面积约900平方千米。,熊猫知识
我国,13个,1989,D:\panda\docs\熊猫知识\[202109111000]大熊猫奇妙课堂大熊猫的保护.md,截至1989年底，我国在四川省、陕西省和甘肃省共建立了13个以保护大熊猫及其栖息地为主的自然保护区。,熊猫知识
大熊猫,建立保护区,RELATED_TO,D:\panda\docs\熊猫知识\[202109111000]大熊猫奇妙课堂大熊猫的保护.md,大熊猫的就地保护是指原地就需要保护的物种和将整个生态系统完整地保护起来，比如建立保护区的方式。,熊猫知识
大熊猫,栖息地遭到严重破坏,RELATED_TO,D:\panda\docs\熊猫知识\[202109111000]大熊猫奇妙课堂大熊猫的保护.md,大熊猫的迁地保护是就地保护的重要补充。因为大熊猫的栖息地遭到严重破坏，其种群生存受到威胁，在野外很难维持种群可持续发展的情况下，把需要保护的大熊猫转移到另外一个地方或环境中，这种措施就叫做大熊猫的移地保护。,熊猫知识
大熊猫,动物园,RELATED_TO,D:\panda\docs\熊猫知识\[202109111000]大熊猫奇妙课堂大熊猫的保护.md,大熊猫的迁地保护是就地保护的重要补充。……这里所说的“移地”，往往是人工环境，如动物园、实验场或驯化养殖场。,熊猫知识
大熊猫,实验场,RELATED_TO,D:\panda\docs\熊猫知识\[202109111000]大熊猫奇妙课堂大熊猫的保护.md,大熊猫的迁地保护是就地保护的重要补充。……这里所说的“移地”，往往是人工环境，如动物园、实验场或驯化养殖场。,熊猫知识
大熊猫,驯化养殖场,RELATED_TO,D:\panda\docs\熊猫知识\[202109111000]大熊猫奇妙课堂大熊猫的保护.md,大熊猫的迁地保护是就地保护的重要补充。……这里所说的“移地”，往往是人工环境，如动物园、实验场或驯化养殖场。,熊猫知识
五一棚观察站,四川省卧龙国家级自然保护区,RELATED_TO,D:\panda\docs\熊猫知识\[202109111000]大熊猫奇妙课堂大熊猫的保护.md,“五一棚”观察站位于四川省卧龙国家级自然保护区的一个山坡上，这是世界上第一个大熊猫野外生态观察站。,熊猫知识
五一棚观察站,世界上第一个大熊猫野外生态观察站,RELATED_TO,D:\panda\docs\熊猫知识\[202109111000]大熊猫奇妙课堂大熊猫的保护.md,“五一棚”观察站位于四川省卧龙国家级自然保护区的一个山坡上，这是世界上第一个大熊猫野外生态观察站。,熊猫知识
我国人工圈养大熊猫,发情难,RELATED_TO,D:\panda\docs\熊猫知识\[202109111000]大熊猫奇妙课堂大熊猫的保护.md,我国人工圈养大熊猫在繁殖方面一直面临着 “发情难、配种受孕难、育幼成活难” 三大难题。,熊猫知识
我国人工圈养大熊猫,配种受孕难,RELATED_TO,D:\panda\docs\熊猫知识\[202109111000]大熊猫奇妙课堂大熊猫的保护.md,我国人工圈养大熊猫在繁殖方面一直面临着 “发情难、配种受孕难、育幼成活难” 三大难题。,熊猫知识
我国人工圈养大熊猫,育幼成活难,RELATED_TO,D:\panda\docs\熊猫知识\[202109111000]大熊猫奇妙课堂大熊猫的保护.md,我国人工圈养大熊猫在繁殖方面一直面临着 “发情难、配种受孕难、育幼成活难” 三大难题。,熊猫知识
四川卧龙中国大熊猫保护研究中心等单位,20世纪90年代中后期,RELATED_TO,D:\panda\docs\熊猫知识\[202109111000]大熊猫奇妙课堂大熊猫的保护.md,经以四川卧龙“中国大熊保护猫研究中心”为首的多家单位科研人员共同努力，20世纪90年代中后期攻克圈养大熊猫繁育的“三难”,熊猫知识
我国圈养大熊猫种群,1999年,RELATED_TO,D:\panda\docs\熊猫知识\[202109111000]大熊猫奇妙课堂大熊猫的保护.md,从1999年以来，我国圈养大熊猫种群发展步入高速发展时期。,熊猫知识
我国圈养大熊猫种群,向野外补充大熊猫个体,RELATED_TO,D:\panda\docs\熊猫知识\[202109111000]大熊猫奇妙课堂大熊猫的保护.md,彻底结束了依靠野外大熊猫个体维持圈养种群的局面，基本步入自我维持初级阶段，并具备了向野外补充大熊猫个体的能力。,熊猫知识
大熊猫国家公园,"东经102°11'10""-108°30'52""",RELATED_TO,D:\panda\docs\熊猫知识\[202109141907]大熊猫奇妙课堂大熊猫国家公园.md,"地理坐标为东经102°11'10""-108°30'52""，北纬28°51'03""-34°10'07""",熊猫知识
大熊猫国家公园,"北纬28°51'03""-34°10'07""",RELATED_TO,D:\panda\docs\熊猫知识\[202109141907]大熊猫奇妙课堂大熊猫国家公园.md,"地理坐标为东经102°11'10""-108°30'52""，北纬28°51'03""-34°10'07""",熊猫知识
大熊猫国家公园,27134平方千米,RELATED_TO,D:\panda\docs\熊猫知识\[202109141907]大熊猫奇妙课堂大熊猫国家公园.md,总面积为27134平方千米,熊猫知识
大熊猫国家公园,1500-3000米,RELATED_TO,D:\panda\docs\熊猫知识\[202109141907]大熊猫奇妙课堂大熊猫国家公园.md,大部分山体海拔在1500-3000米之间，最高海拔5588米，最低海拔595米,熊猫知识
大熊猫国家公园,5588米,RELATED_TO,D:\panda\docs\熊猫知识\[202109141907]大熊猫奇妙课堂大熊猫国家公园.md,大部分山体海拔在1500-3000米之间，最高海拔5588米，最低海拔595米,熊猫知识
大熊猫国家公园,595米,RELATED_TO,D:\panda\docs\熊猫知识\[202109141907]大熊猫奇妙课堂大熊猫国家公园.md,大部分山体海拔在1500-3000米之间，最高海拔5588米，最低海拔595米,熊猫知识
大熊猫国家公园,中纬度地区,RELATED_TO,D:\panda\docs\熊猫知识\[202109141907]大熊猫奇妙课堂大熊猫国家公园.md,位于中纬度地区，受东亚季风环流影响明显，处在大陆性北亚热带向暖温带过渡的季风气候区内,熊猫知识
大熊猫国家公园,大陆性北亚热带向暖温带过渡的季风气候区,RELATED_TO,D:\panda\docs\熊猫知识\[202109141907]大熊猫奇妙课堂大熊猫国家公园.md,位于中纬度地区，受东亚季风环流影响明显，处在大陆性北亚热带向暖温带过渡的季风气候区内,熊猫知识
大熊猫国家公园,河谷亚热带湿润气候,RELATED_TO,D:\panda\docs\熊猫知识\[202109141907]大熊猫奇妙课堂大熊猫国家公园.md,由东南向西北，随着海拔的升高，依次从河谷亚热带湿润气候，经暖温带湿润气候过渡到温带半湿润和高寒湿润气候,熊猫知识
大熊猫国家公园,暖温带湿润气候,RELATED_TO,D:\panda\docs\熊猫知识\[202109141907]大熊猫奇妙课堂大熊猫国家公园.md,由东南向西北，随着海拔的升高，依次从河谷亚热带湿润气候，经暖温带湿润气候过渡到温带半湿润和高寒湿润气候,熊猫知识
大熊猫国家公园,温带半湿润气候,RELATED_TO,D:\panda\docs\熊猫知识\[202109141907]大熊猫奇妙课堂大熊猫国家公园.md,由东南向西北，随着海拔的升高，依次从河谷亚热带湿润气候，经暖温带湿润气候过渡到温带半湿润和高寒湿润气候,熊猫知识
大熊猫国家公园,高寒湿润气候,RELATED_TO,D:\panda\docs\熊猫知识\[202109141907]大熊猫奇妙课堂大熊猫国家公园.md,由东南向西北，随着海拔的升高，依次从河谷亚热带湿润气候，经暖温带湿润气候过渡到温带半湿润和高寒湿润气候,熊猫知识
大熊猫国家公园,12-16℃,RELATED_TO,D:\panda\docs\熊猫知识\[202109141907]大熊猫奇妙课堂大熊猫国家公园.md,全年平均气温为12-16℃，极端最低温-28℃，最高温37.7℃,熊猫知识
大熊猫国家公园,-28℃,RELATED_TO,D:\panda\docs\熊猫知识\[202109141907]大熊猫奇妙课堂大熊猫国家公园.md,全年平均气温为12-16℃，极端最低温-28℃，最高温37.7℃,熊猫知识
大熊猫国家公园,37.7℃,RELATED_TO,D:\panda\docs\熊猫知识\[202109141907]大熊猫奇妙课堂大熊猫国家公园.md,全年平均气温为12-16℃，极端最低温-28℃，最高温37.7℃,熊猫知识
大熊猫国家公园,500-1200毫米,RELATED_TO,D:\panda\docs\熊猫知识\[202109141907]大熊猫奇妙课堂大熊猫国家公园.md,全年降水量约500-1200毫米，季节分配不均，夏秋季多、冬春季少；空间分布也不均匀，西南区域多于东北区域，山区多于河谷，并随海拔升高而增加,熊猫知识
大熊猫国家公园,夏秋季,RELATED_TO,D:\panda\docs\熊猫知识\[202109141907]大熊猫奇妙课堂大熊猫国家公园.md,全年降水量约500-1200毫米，季节分配不均，夏秋季多、冬春季少,熊猫知识
大熊猫国家公园,冬春季,RELATED_TO,D:\panda\docs\熊猫知识\[202109141907]大熊猫奇妙课堂大熊猫国家公园.md,全年降水量约500-1200毫米，季节分配不均，夏秋季多、冬春季少,熊猫知识
大熊猫国家公园,西南区域,RELATED_TO,D:\panda\docs\熊猫知识\[202109141907]大熊猫奇妙课堂大熊猫国家公园.md,空间分布也不均匀，西南区域多于东北区域,熊猫知识
大熊猫国家公园,东北区域,RELATED_TO,D:\panda\docs\熊猫知识\[202109141907]大熊猫奇妙课堂大熊猫国家公园.md,空间分布也不均匀，西南区域多于东北区域,熊猫知识
大熊猫国家公园,山区,RELATED_TO,D:\panda\docs\熊猫知识\[202109141907]大熊猫奇妙课堂大熊猫国家公园.md,空间分布也不均匀……山区多于河谷，并随海拔升高而增加,熊猫知识
大熊猫国家公园,河谷,RELATED_TO,D:\panda\docs\熊猫知识\[202109141907]大熊猫奇妙课堂大熊猫国家公园.md,空间分布也不均匀……山区多于河谷，并随海拔升高而增加,熊猫知识
大熊猫国家公园,海拔,RELATED_TO,D:\panda\docs\熊猫知识\[202109141907]大熊猫奇妙课堂大熊猫国家公园.md,并随海拔升高而增加,熊猫知识
四川卧龙国家级自然保护区,四川省阿坝藏族、羌族自治州汶川县西南部,RELATED_TO,D:\panda\docs\熊猫知识\[202109141907]大熊猫奇妙课堂大熊猫国家公园.md,四川卧龙国家级自然保护区位于四川省阿坝藏族、羌族自治州汶川县西南部，邛崃山脉东南坡,熊猫知识
四川卧龙国家级自然保护区,邛崃山脉东南坡,RELATED_TO,D:\panda\docs\熊猫知识\[202109141907]大熊猫奇妙课堂大熊猫国家公园.md,四川卧龙国家级自然保护区位于四川省阿坝藏族、羌族自治州汶川县西南部，邛崃山脉东南坡,熊猫知识
陕西佛坪国家级自然保护区,陕西省佛坪县东北部,RELATED_TO,D:\panda\docs\熊猫知识\[202109141907]大熊猫奇妙课堂大熊猫国家公园.md,陕西佛坪国家级自然保护区位于陕西省佛坪县东北部，在秦岭中段南坡,熊猫知识
陕西佛坪国家级自然保护区,秦岭中段南坡,RELATED_TO,D:\panda\docs\熊猫知识\[202109141907]大熊猫奇妙课堂大熊猫国家公园.md,陕西佛坪国家级自然保护区位于陕西省佛坪县东北部，在秦岭中段南坡,熊猫知识
甘肃白水江国家级自然保护区,甘肃省最南部,RELATED_TO,D:\panda\docs\熊猫知识\[202109141907]大熊猫奇妙课堂大熊猫国家公园.md,甘肃白水江国家级自然保护区位于甘肃省最南部，在文县和武都县境内,熊猫知识
甘肃白水江国家级自然保护区,文县,RELATED_TO,D:\panda\docs\熊猫知识\[202109141907]大熊猫奇妙课堂大熊猫国家公园.md,甘肃白水江国家级自然保护区位于甘肃省最南部，在文县和武都县境内,熊猫知识
甘肃白水江国家级自然保护区,武都县,RELATED_TO,D:\panda\docs\熊猫知识\[202109141907]大熊猫奇妙课堂大熊猫国家公园.md,甘肃白水江国家级自然保护区位于甘肃省最南部，在文县和武都县境内,熊猫知识
竹子投喂量不足60%,消化不良,RELATED_TO,D:\panda\docs\熊猫知识\[202109162041]大熊猫奇妙课堂圈养大熊猫的食物.md,研究表明，圈养大熊猫日粮中的竹子投喂量需要超过60%，否则会带来消化不良和频繁排黏。,熊猫知识
圈养大熊猫日粮,95%,RELATED_TO,D:\panda\docs\熊猫知识\[202109162041]大熊猫奇妙课堂圈养大熊猫的食物.md,圈养大熊猫的食物95%是竹子,熊猫知识
精料,蛋白质16%~17%,RELATED_TO,D:\panda\docs\熊猫知识\[202109162041]大熊猫奇妙课堂圈养大熊猫的食物.md,精料大概成分为蛋白质16%~17%，粗脂肪3%~4%，碳水化合物75%,熊猫知识
精料,粗脂肪3%~4%,RELATED_TO,D:\panda\docs\熊猫知识\[202109162041]大熊猫奇妙课堂圈养大熊猫的食物.md,精料大概成分为蛋白质16%~17%，粗脂肪3%~4%，碳水化合物75%,熊猫知识
精料,碳水化合物75%,RELATED_TO,D:\panda\docs\熊猫知识\[202109162041]大熊猫奇妙课堂圈养大熊猫的食物.md,精料大概成分为蛋白质16%~17%，粗脂肪3%~4%，碳水化合物75%,熊猫知识
窝头或纤维饼干,蛋白质18%,RELATED_TO,D:\panda\docs\熊猫知识\[202109162041]大熊猫奇妙课堂圈养大熊猫的食物.md,在给大熊猫添加的窝头或纤维饼干中，一般的构成比例大致为蛋白质18%，粗脂肪4%~5%，碳水化合物75%,熊猫知识
窝头或纤维饼干,粗脂肪4%~5%,RELATED_TO,D:\panda\docs\熊猫知识\[202109162041]大熊猫奇妙课堂圈养大熊猫的食物.md,在给大熊猫添加的窝头或纤维饼干中，一般的构成比例大致为蛋白质18%，粗脂肪4%~5%，碳水化合物75%,熊猫知识
窝头或纤维饼干,碳水化合物75%,RELATED_TO,D:\panda\docs\熊猫知识\[202109162041]大熊猫奇妙课堂圈养大熊猫的食物.md,在给大熊猫添加的窝头或纤维饼干中，一般的构成比例大致为蛋白质18%，粗脂肪4%~5%，碳水化合物75%,熊猫知识
圈养大熊猫,苹果,RELATED_TO,D:\panda\docs\熊猫知识\[202109162041]大熊猫奇妙课堂圈养大熊猫的食物.md,供给大熊猫最普遍的水果是苹果，还有梨、香蕉等,熊猫知识
圈养大熊猫,香蕉,RELATED_TO,D:\panda\docs\熊猫知识\[202109162041]大熊猫奇妙课堂圈养大熊猫的食物.md,供给大熊猫最普遍的水果是苹果，还有梨、香蕉等,熊猫知识
圈养大熊猫,胡萝卜,RELATED_TO,D:\panda\docs\熊猫知识\[202109162041]大熊猫奇妙课堂圈养大熊猫的食物.md,蔬菜主要有胡萝卜、莴苣、藕等,熊猫知识
圈养大熊猫,莴苣,RELATED_TO,D:\panda\docs\熊猫知识\[202109162041]大熊猫奇妙课堂圈养大熊猫的食物.md,蔬菜主要有胡萝卜、莴苣、藕等,熊猫知识
圈养大熊猫,钙、镁、钾、铁、锌、锰、铜,RELATED_TO,D:\panda\docs\熊猫知识\[202109162041]大熊猫奇妙课堂圈养大熊猫的食物.md,通常添加的矿物元素有钙、镁、钾、铁、锌、锰、铜,熊猫知识
圈养大熊猫,维生素A、维生素C、维生素E、B族维生素,RELATED_TO,D:\panda\docs\熊猫知识\[202109162041]大熊猫奇妙课堂圈养大熊猫的食物.md,补充的维生素有维生素A、维生素C、维生素E以及B族维生素等,熊猫知识
成年大熊猫,10~15千克,RELATED_TO,D:\panda\docs\熊猫知识\[202109162041]大熊猫奇妙课堂圈养大熊猫的食物.md,一只成年大熊猫要食入10~15千克竹子，一半以上会浪费掉,熊猫知识
成年大熊猫,20~30千克,RELATED_TO,D:\panda\docs\熊猫知识\[202109162041]大熊猫奇妙课堂圈养大熊猫的食物.md,一般每只成年大熊猫需要准备20~30千克竹子,熊猫知识
大熊猫,6%~15%,RELATED_TO,D:\panda\docs\熊猫知识\[202109162041]大熊猫奇妙课堂圈养大熊猫的食物.md,大熊猫食竹量大概为其体重的6%~15%,熊猫知识
圈养大熊猫,5~6次,RELATED_TO,D:\panda\docs\熊猫知识\[202109162041]大熊猫奇妙课堂圈养大熊猫的食物.md,一天分为5~6次投喂，包括夜间,熊猫知识
大熊猫,150克,RELATED_TO,D:\panda\docs\熊猫知识\[202109182233]大熊猫奇妙课堂圈养大熊猫的成长阶段.md,大熊猫初生幼仔的重量一般在150克左右，就是一胎两仔也不过300克左右,熊猫知识
大熊猫幼仔,六月龄,RELATED_TO,D:\panda\docs\熊猫知识\[202109182233]大熊猫奇妙课堂圈养大熊猫的成长阶段.md,幼仔六月龄时断乳,熊猫知识
大熊猫幼仔,生长发育不理想,RELATED_TO,D:\panda\docs\熊猫知识\[202109182233]大熊猫奇妙课堂圈养大熊猫的成长阶段.md,如果幼仔生长发育不理想，可适当推迟断乳时间,熊猫知识
大熊猫幼仔,3-4次/日,RELATED_TO,D:\panda\docs\熊猫知识\[202109182233]大熊猫奇妙课堂圈养大熊猫的成长阶段.md,每日可饲喂3-4次人工奶,熊猫知识
亚成年大熊猫,幼年向成年过渡,RELATED_TO,D:\panda\docs\熊猫知识\[202109182233]大熊猫奇妙课堂圈养大熊猫的成长阶段.md,亚成年大熊猫处于幼年向成年过渡的阶段,熊猫知识
亚成年大熊猫,50%,RELATED_TO,D:\panda\docs\熊猫知识\[202109182233]大熊猫奇妙课堂圈养大熊猫的成长阶段.md,亚成年大熊猫发病率达到50%，病死率约37.5%,熊猫知识
亚成年大熊猫,37.5%,RELATED_TO,D:\panda\docs\熊猫知识\[202109182233]大熊猫奇妙课堂圈养大熊猫的成长阶段.md,亚成年大熊猫发病率达到50%，病死率约37.5%,熊猫知识
成年大熊猫饲养,生理时期,RELATED_TO,D:\panda\docs\熊猫知识\[202109182233]大熊猫奇妙课堂圈养大熊猫的成长阶段.md,成年大熊猫在不同的生理时期，还是要有所区别对待,熊猫知识
发情期,食欲减退,RELATED_TO,D:\panda\docs\熊猫知识\[202109182233]大熊猫奇妙课堂圈养大熊猫的成长阶段.md,发情期内的大熊猫一般食欲都有程度不同的减退,熊猫知识
大熊猫,新鲜竹叶,RELATED_TO,D:\panda\docs\熊猫知识\[202109182233]大熊猫奇妙课堂圈养大熊猫的成长阶段.md,发情期内的大熊猫……偏食竹类饲养，尤其是新鲜竹叶,熊猫知识
妊娠中后期,胚胎发育,RELATED_TO,D:\panda\docs\熊猫知识\[202109182233]大熊猫奇妙课堂圈养大熊猫的成长阶段.md,妊娠中后期，为满足胚胎发育有对蛋白质的需要……添加一些质量高的营养物质，如鸡蛋、酵母、鱼肝油及多种维生素等,熊猫知识
老年大熊猫,咀嚼能力降低,RELATED_TO,D:\panda\docs\熊猫知识\[202109182233]大熊猫奇妙课堂圈养大熊猫的成长阶段.md,老年大熊猫对竹子的咀嚼和消化能力降低,熊猫知识
老年大熊猫,消化能力降低,RELATED_TO,D:\panda\docs\熊猫知识\[202109182233]大熊猫奇妙课堂圈养大熊猫的成长阶段.md,老年大熊猫对竹子的咀嚼和消化能力降低,熊猫知识
牙齿磨损严重或脱落的老年大熊猫,1-2cm,RELATED_TO,D:\panda\docs\熊猫知识\[202109182233]大熊猫奇妙课堂圈养大熊猫的成长阶段.md,对于牙齿磨损严重或脱落的老年大熊猫，需将竹叶剪成1-2cm的碎片,熊猫知识
消化能力降低的老年大熊猫,流质配合饲料,RELATED_TO,D:\panda\docs\熊猫知识\[202109182233]大熊猫奇妙课堂圈养大熊猫的成长阶段.md,对于消化能力降低者……用流质配合饲料代替窝窝头，并添加安素等易吸收的营养素,熊猫知识
老年大熊猫,免疫功能退化,RELATED_TO,D:\panda\docs\熊猫知识\[202109182233]大熊猫奇妙课堂圈养大熊猫的成长阶段.md,随着年龄的增长，自身的免疫功能退化，各种器官机能也随之退化,熊猫知识
老年大熊猫,器官机能退化,RELATED_TO,D:\panda\docs\熊猫知识\[202109182233]大熊猫奇妙课堂圈养大熊猫的成长阶段.md,随着年龄的增长，自身的免疫功能退化，各种器官机能也随之退化,熊猫知识
大熊猫,岷山山系,RELATED_TO,D:\panda\docs\熊猫知识\[202109211225]大熊猫奇妙课堂大熊猫保护之路.md,特别是岷山、邛崃山和凉山山系的大熊猫栖息地。,熊猫知识
大熊猫,邛崃山山系,RELATED_TO,D:\panda\docs\熊猫知识\[202109211225]大熊猫奇妙课堂大熊猫保护之路.md,特别是岷山、邛崃山和凉山山系的大熊猫栖息地。,熊猫知识
大熊猫,凉山山系,RELATED_TO,D:\panda\docs\熊猫知识\[202109211225]大熊猫奇妙课堂大熊猫保护之路.md,特别是岷山、邛崃山和凉山山系的大熊猫栖息地。,熊猫知识
大熊猫,秦岭山系,RELATED_TO,D:\panda\docs\熊猫知识\[202109211225]大熊猫奇妙课堂大熊猫保护之路.md,上世纪70年代中期至80年代中期，岷山、邛崃山、秦岭、凉山等地的大熊猫主食竹发生了大面积集中连片开花,熊猫知识
大熊猫,四川,RELATED_TO,D:\panda\docs\熊猫知识\[202109211225]大熊猫奇妙课堂大熊猫保护之路.md,分布在四川、陕西、甘肃三省的17个市（州）、49个县（市、区）、196个乡镇。,熊猫知识
大熊猫,陕西,RELATED_TO,D:\panda\docs\熊猫知识\[202109211225]大熊猫奇妙课堂大熊猫保护之路.md,分布在四川、陕西、甘肃三省的17个市（州）、49个县（市、区）、196个乡镇。,熊猫知识
大熊猫,甘肃,RELATED_TO,D:\panda\docs\熊猫知识\[202109211225]大熊猫奇妙课堂大熊猫保护之路.md,分布在四川、陕西、甘肃三省的17个市（州）、49个县（市、区）、196个乡镇。,熊猫知识
野生大熊猫,258万公顷,RELATED_TO,D:\panda\docs\熊猫知识\[202109211225]大熊猫奇妙课堂大熊猫保护之路.md,野生大熊猫栖息地面积为258万公顷，潜在栖息地91万公顷,熊猫知识
野生大熊猫,91万公顷,RELATED_TO,D:\panda\docs\熊猫知识\[202109211225]大熊猫奇妙课堂大熊猫保护之路.md,野生大熊猫栖息地面积为258万公顷，潜在栖息地91万公顷,熊猫知识
大熊猫,1860只,RELATED_TO,D:\panda\docs\熊猫知识\[202109211225]大熊猫奇妙课堂大熊猫保护之路.md,截止2020年年底，全国野生大熊猫种群数量达1860只。,熊猫知识
大熊猫,600只,RELATED_TO,D:\panda\docs\熊猫知识\[202109211225]大熊猫奇妙课堂大熊猫保护之路.md,截止2020年年底，圈养大熊猫种群数量已超过600只。,熊猫知识
野外大熊猫生存,竹开花,RELATED_TO,D:\panda\docs\熊猫知识\[202109211225]大熊猫奇妙课堂大熊猫保护之路.md,上世纪70年代中期至80年代中期，岷山、邛崃山、秦岭、凉山等地的大熊猫主食竹发生了大面积集中连片开花，严重威胁野外大熊猫生存,熊猫知识
大熊猫个体,饥饿,RELATED_TO,D:\panda\docs\熊猫知识\[202109211225]大熊猫奇妙课堂大熊猫保护之路.md,很多大熊猫个体因饥饿、疾病而死亡。,熊猫知识
大熊猫个体,疾病,RELATED_TO,D:\panda\docs\熊猫知识\[202109211225]大熊猫奇妙课堂大熊猫保护之路.md,很多大熊猫个体因饥饿、疾病而死亡。,熊猫知识
病饿大熊猫,287只,RELATED_TO,D:\panda\docs\熊猫知识\[202109211225]大熊猫奇妙课堂大熊猫保护之路.md,1983年到2007年底，全国共抢救病饿大熊猫287只，其中救活210多只，经治疗康复后放回野外的大熊猫123只。,熊猫知识
病饿大熊猫,210多只,RELATED_TO,D:\panda\docs\熊猫知识\[202109211225]大熊猫奇妙课堂大熊猫保护之路.md,1983年到2007年底，全国共抢救病饿大熊猫287只，其中救活210多只，经治疗康复后放回野外的大熊猫123只。,熊猫知识
康复大熊猫,123只,RELATED_TO,D:\panda\docs\熊猫知识\[202109211225]大熊猫奇妙课堂大熊猫保护之路.md,1983年到2007年底，全国共抢救病饿大熊猫287只，其中救活210多只，经治疗康复后放回野外的大熊猫123只。,熊猫知识
中国保护大熊猫及其栖息地工程,13个,RELATED_TO,D:\panda\docs\熊猫知识\[202109211225]大熊猫奇妙课堂大熊猫保护之路.md,《中国保护大熊猫及其栖息地工程》……规划从1992年到2002年完善已建的13个大熊猫自然保护区的建设和管理；新建14个大熊猫自然保护区；建设17条大熊猫保护走廊带；在32个县建立大熊猫栖息地保护管理站,熊猫知识
中国保护大熊猫及其栖息地工程,14个,RELATED_TO,D:\panda\docs\熊猫知识\[202109211225]大熊猫奇妙课堂大熊猫保护之路.md,《中国保护大熊猫及其栖息地工程》……规划从1992年到2002年完善已建的13个大熊猫自然保护区的建设和管理；新建14个大熊猫自然保护区；建设17条大熊猫保护走廊带；在32个县建立大熊猫栖息地保护管理站,熊猫知识
中国保护大熊猫及其栖息地工程,17条,RELATED_TO,D:\panda\docs\熊猫知识\[202109211225]大熊猫奇妙课堂大熊猫保护之路.md,《中国保护大熊猫及其栖息地工程》……规划从1992年到2002年完善已建的13个大熊猫自然保护区的建设和管理；新建14个大熊猫自然保护区；建设17条大熊猫保护走廊带；在32个县建立大熊猫栖息地保护管理站,熊猫知识
中国保护大熊猫及其栖息地工程,32个县,RELATED_TO,D:\panda\docs\熊猫知识\[202109211225]大熊猫奇妙课堂大熊猫保护之路.md,《中国保护大熊猫及其栖息地工程》……规划从1992年到2002年完善已建的13个大熊猫自然保护区的建设和管理；新建14个大熊猫自然保护区；建设17条大熊猫保护走廊带；在32个县建立大熊猫栖息地保护管理站,熊猫知识
大熊猫分布和栖息地分布,67处,RELATED_TO,D:\panda\docs\熊猫知识\[202109211225]大熊猫奇妙课堂大熊猫保护之路.md,有大熊猫分布和栖息地分布的保护区数量增加到67处。,熊猫知识
中国大熊猫保护研究中心都江堰青城山基地,大熊猫,RELATED_TO,D:\panda\docs\熊猫知识\[202109231900]大熊猫奇妙课堂基地建设与功能.md,"中国大熊猫保护研究中心都江堰青城山基地（又名""熊猫乐园""、“都江堰中华大熊猫苑”）",熊猫知识
中国大熊猫保护研究中心都江堰青城山基地,760亩,RELATED_TO,D:\panda\docs\熊猫知识\[202109231900]大熊猫奇妙课堂基地建设与功能.md,该园区总占地面积760亩,熊猫知识
卧龙神树坪基地,2250亩,RELATED_TO,D:\panda\docs\熊猫知识\[202109231900]大熊猫奇妙课堂基地建设与功能.md,总占地2250亩,熊猫知识
雅安碧峰峡基地,50只,RELATED_TO,D:\panda\docs\熊猫知识\[202109231900]大熊猫奇妙课堂基地建设与功能.md,约50只大熊猫都曾生活于此,熊猫知识
卧龙神树坪基地,60-80只,RELATED_TO,D:\panda\docs\熊猫知识\[202109231900]大熊猫奇妙课堂基地建设与功能.md,可容纳60-80只大熊猫,熊猫知识
卧龙神树坪基地,59套,RELATED_TO,D:\panda\docs\熊猫知识\[202109231900]大熊猫奇妙课堂基地建设与功能.md,大熊猫圈舍59套,熊猫知识
都江堰青城山基地,大熊猫疾病防控、野外救护,RELATED_TO,D:\panda\docs\熊猫知识\[202109231900]大熊猫奇妙课堂基地建设与功能.md,都江堰基地是国内唯一以大熊猫疾病防控、野外救护为主的科研机构,熊猫知识
都江堰青城山基地,全国野生大熊猫,RELATED_TO,D:\panda\docs\熊猫知识\[202109231900]大熊猫奇妙课堂基地建设与功能.md,都江堰基地承担着全国野生大熊猫的救护任务,熊猫知识
都江堰青城山基地,实验室诊断,RELATED_TO,D:\panda\docs\熊猫知识\[202109231900]大熊猫奇妙课堂基地建设与功能.md,主要在野生动物疾病的实验室诊断、病理学、流行病、兽医临床和分子生物学等领域开展研究,熊猫知识
都江堰青城山基地,病理学,RELATED_TO,D:\panda\docs\熊猫知识\[202109231900]大熊猫奇妙课堂基地建设与功能.md,主要在野生动物疾病的实验室诊断、病理学、流行病、兽医临床和分子生物学等领域开展研究,熊猫知识
都江堰青城山基地,流行病,RELATED_TO,D:\panda\docs\熊猫知识\[202109231900]大熊猫奇妙课堂基地建设与功能.md,主要在野生动物疾病的实验室诊断、病理学、流行病、兽医临床和分子生物学等领域开展研究,熊猫知识
都江堰青城山基地,兽医临床,RELATED_TO,D:\panda\docs\熊猫知识\[202109231900]大熊猫奇妙课堂基地建设与功能.md,主要在野生动物疾病的实验室诊断、病理学、流行病、兽医临床和分子生物学等领域开展研究,熊猫知识
都江堰青城山基地,分子生物学,RELATED_TO,D:\panda\docs\熊猫知识\[202109231900]大熊猫奇妙课堂基地建设与功能.md,主要在野生动物疾病的实验室诊断、病理学、流行病、兽医临床和分子生物学等领域开展研究,熊猫知识
大熊猫,友好大使,RELATED_TO,D:\panda\docs\熊猫知识\[202109231900]大熊猫奇妙课堂基地建设与功能.md,许多大熊猫从这里出发，担当友好大使去到世界各地，它们的后代成为“海归”,熊猫知识
大熊猫星徽、好好,比利时天堂动物园,RELATED_TO,D:\panda\docs\熊猫知识\[202109231900]大熊猫奇妙课堂基地建设与功能.md,大熊猫“星徽，好好”“福娃，凤仪”“华妮，圆欣”“星雅，武雯”四对大熊猫从这里分别前往比利时天堂动物园、马来西亚国家动物园，韩国三星爱宝乐园，荷兰欧维汉兹动物园开展国际合作交流,熊猫知识
大熊猫福娃、凤仪,马来西亚国家动物园,RELATED_TO,D:\panda\docs\熊猫知识\[202109231900]大熊猫奇妙课堂基地建设与功能.md,大熊猫“星徽，好好”“福娃，凤仪”“华妮，圆欣”“星雅，武雯”四对大熊猫从这里分别前往比利时天堂动物园、马来西亚国家动物园，韩国三星爱宝乐园，荷兰欧维汉兹动物园开展国际合作交流,熊猫知识
大熊猫华妮、圆欣,韩国三星爱宝乐园,RELATED_TO,D:\panda\docs\熊猫知识\[202109231900]大熊猫奇妙课堂基地建设与功能.md,大熊猫“星徽，好好”“福娃，凤仪”“华妮，圆欣”“星雅，武雯”四对大熊猫从这里分别前往比利时天堂动物园、马来西亚国家动物园，韩国三星爱宝乐园，荷兰欧维汉兹动物园开展国际合作交流,熊猫知识
大熊猫星雅、武雯,荷兰欧维汉兹动物园,RELATED_TO,D:\panda\docs\熊猫知识\[202109231900]大熊猫奇妙课堂基地建设与功能.md,大熊猫“星徽，好好”“福娃，凤仪”“华妮，圆欣”“星雅，武雯”四对大熊猫从这里分别前往比利时天堂动物园、马来西亚国家动物园，韩国三星爱宝乐园，荷兰欧维汉兹动物园开展国际合作交流,熊猫知识
雅安碧峰峡基地,2001年,RELATED_TO,D:\panda\docs\熊猫知识\[202109231900]大熊猫奇妙课堂基地建设与功能.md,雅安碧峰峡基地从2001年国家林草局立项以来，经过多方努力，于2002年10月正式动工兴建,熊猫知识
雅安碧峰峡基地,2002年10月,RELATED_TO,D:\panda\docs\熊猫知识\[202109231900]大熊猫奇妙课堂基地建设与功能.md,雅安碧峰峡基地从2001年国家林草局立项以来，经过多方努力，于2002年10月正式动工兴建,熊猫知识
雅安碧峰峡基地,2003年7月,RELATED_TO,D:\panda\docs\熊猫知识\[202109231900]大熊猫奇妙课堂基地建设与功能.md,截止2003年7月，大熊猫科研中心、大熊猫医院、大熊猫育幼中心、大熊繁育配种中心、大熊猫对外展示中心等土建工程已基本完成,熊猫知识
雅安碧峰峡基地,2003年10月,RELATED_TO,D:\panda\docs\熊猫知识\[202109231900]大熊猫奇妙课堂基地建设与功能.md,2003年10月，中国保护大熊猫研究中心雅安碧峰峡基地建设完毕,熊猫知识
雅安碧峰峡基地,1400多万元,RELATED_TO,D:\panda\docs\熊猫知识\[202109231900]大熊猫奇妙课堂基地建设与功能.md,共完成投资1400多万元,熊猫知识
雅安碧峰峡基地,2003年,RELATED_TO,D:\panda\docs\熊猫知识\[202109231900]大熊猫奇妙课堂基地建设与功能.md,该园区属于中国大熊猫保护研究中心的分基地，成立于2003年,熊猫知识
雅安碧峰峡基地,150公里,RELATED_TO,D:\panda\docs\熊猫知识\[202109231900]大熊猫奇妙课堂基地建设与功能.md,距成都市150公里，距雅安市区19公里,熊猫知识
雅安碧峰峡基地,19公里,RELATED_TO,D:\panda\docs\熊猫知识\[202109231900]大熊猫奇妙课堂基地建设与功能.md,距成都市150公里，距雅安市区19公里,熊猫知识
白熊坪区域,成年及亚成年大熊猫,RELATED_TO,D:\panda\docs\熊猫知识\[202109231900]大熊猫奇妙课堂基地建设与功能.md,白熊坪区域：主要展示成年及亚成年大熊猫,熊猫知识
白熊坪区域,团团、圆圆,RELATED_TO,D:\panda\docs\熊猫知识\[202109231900]大熊猫奇妙课堂基地建设与功能.md,赠台大熊猫团团和圆圆在汶川5.12大地震后曾居住于此,熊猫知识
海归大熊猫乐园区域,泰山、华美、美生、苏琳、珍珍、福龙、福虎、林冰,RELATED_TO,D:\panda\docs\熊猫知识\[202109231900]大熊猫奇妙课堂基地建设与功能.md,泰山、华美、美生、苏琳、珍珍、福龙、福虎和林冰等都生活于此,熊猫知识
大熊猫幼儿园区域,1.5岁以下,RELATED_TO,D:\panda\docs\熊猫知识\[202109231900]大熊猫奇妙课堂基地建设与功能.md,大熊猫幼儿园区域：主要展示1.5岁以下由人工哺育的大熊猫幼仔,熊猫知识
大熊猫幼儿园区域,人工哺育的大熊猫幼仔,RELATED_TO,D:\panda\docs\熊猫知识\[202109231900]大熊猫奇妙课堂基地建设与功能.md,大熊猫幼儿园区域：主要展示1.5岁以下由人工哺育的大熊猫幼仔,熊猫知识
卧龙神树坪基地,神树坪大熊猫饲养繁育参观区,RELATED_TO,D:\panda\docs\熊猫知识\[202109231900]大熊猫奇妙课堂基地建设与功能.md,基地共分为三个区域：神树坪大熊猫饲养繁育参观区、圈养大熊猫野化培训区及野外放归区,熊猫知识
卧龙神树坪基地,圈养大熊猫野化培训区,RELATED_TO,D:\panda\docs\熊猫知识\[202109231900]大熊猫奇妙课堂基地建设与功能.md,基地共分为三个区域：神树坪大熊猫饲养繁育参观区、圈养大熊猫野化培训区及野外放归区,熊猫知识
卧龙神树坪基地,野外放归区,RELATED_TO,D:\panda\docs\熊猫知识\[202109231900]大熊猫奇妙课堂基地建设与功能.md,基地共分为三个区域：神树坪大熊猫饲养繁育参观区、圈养大熊猫野化培训区及野外放归区,熊猫知识
大熊猫外环场馆,成年及亚成年大熊猫,RELATED_TO,D:\panda\docs\熊猫知识\[202109231900]大熊猫奇妙课堂基地建设与功能.md,大熊猫外环场馆、内环场馆主要展示主要展示成年及亚成年大熊猫,熊猫知识
大熊猫内环场馆,成年及亚成年大熊猫,RELATED_TO,D:\panda\docs\熊猫知识\[202109231900]大熊猫奇妙课堂基地建设与功能.md,大熊猫外环场馆、内环场馆主要展示主要展示成年及亚成年大熊猫,熊猫知识
熊猫幼儿园,1.5岁以下,RELATED_TO,D:\panda\docs\熊猫知识\[202109231900]大熊猫奇妙课堂基地建设与功能.md,熊猫幼儿园：主要展示1.5岁以下由人工哺育的大熊猫幼仔。其中熊猫幼儿园1号馆熊猫幼仔最多,熊猫知识
熊猫幼儿园,人工哺育的大熊猫幼仔,RELATED_TO,D:\panda\docs\熊猫知识\[202109231900]大熊猫奇妙课堂基地建设与功能.md,熊猫幼儿园：主要展示1.5岁以下由人工哺育的大熊猫幼仔。其中熊猫幼儿园1号馆熊猫幼仔最多,熊猫知识
卧龙核桃坪野化培训基地,上世纪八十年代,RELATED_TO,D:\panda\docs\熊猫知识\[202109231900]大熊猫奇妙课堂基地建设与功能.md,核桃坪野化培训基地始建于上世纪八十年代,熊猫知识
卧龙核桃坪野化培训基地,四川卧龙国家级自然保护区,RELATED_TO,D:\panda\docs\熊猫知识\[202109231900]大熊猫奇妙课堂基地建设与功能.md,由四川卧龙国家级自然保护区与世界野生生物基金会（WWF）合作建立,熊猫知识
卧龙核桃坪野化培训基地,世界野生生物基金会（WWF）,RELATED_TO,D:\panda\docs\熊猫知识\[202109231900]大熊猫奇妙课堂基地建设与功能.md,由四川卧龙国家级自然保护区与世界野生生物基金会（WWF）合作建立,熊猫知识
卧龙核桃坪基地,卧龙镇核桃坪,RELATED_TO,D:\panda\docs\熊猫知识\[202109231900]大熊猫奇妙课堂基地建设与功能.md,卧龙核桃坪基地位于四川省阿坝藏族羌族自治州汶川卧龙特别行政区内，包含卧龙镇核桃坪、五一棚区域以及耿达镇天台山区域,熊猫知识
卧龙核桃坪基地,五一棚区域,RELATED_TO,D:\panda\docs\熊猫知识\[202109231900]大熊猫奇妙课堂基地建设与功能.md,卧龙核桃坪基地位于四川省阿坝藏族羌族自治州汶川卧龙特别行政区内，包含卧龙镇核桃坪、五一棚区域以及耿达镇天台山区域,熊猫知识
卧龙核桃坪基地,耿达镇天台山区域,RELATED_TO,D:\panda\docs\熊猫知识\[202109231900]大熊猫奇妙课堂基地建设与功能.md,卧龙核桃坪基地位于四川省阿坝藏族羌族自治州汶川卧龙特别行政区内，包含卧龙镇核桃坪、五一棚区域以及耿达镇天台山区域,熊猫知识
卧龙核桃坪野化培训基地,一百公里,RELATED_TO,D:\panda\docs\熊猫知识\[202109231900]大熊猫奇妙课堂基地建设与功能.md,与成都的直线距离不到一百公里,熊猫知识
卧龙核桃坪野化培训基地,温凉、多雨湿润,RELATED_TO,D:\panda\docs\熊猫知识\[202109231900]大熊猫奇妙课堂基地建设与功能.md,气候温凉，多雨湿润,熊猫知识
卧龙核桃坪野化培训基地,山核桃树,RELATED_TO,D:\panda\docs\熊猫知识\[202109231900]大熊猫奇妙课堂基地建设与功能.md,周围高山环绕，因有众多的山核桃树而得名,熊猫知识
卧龙核桃坪野化培训基地,圈养大熊猫饲养管理,RELATED_TO,D:\panda\docs\熊猫知识\[202109231900]大熊猫奇妙课堂基地建设与功能.md,核桃坪野化培训基地的主要职能是圈养大熊猫饲养管理和人工繁育、大熊猫疾病防疫与控制、患病野生大熊猫及其伴生动物救护等,熊猫知识
卧龙核桃坪野化培训基地,人工繁育,RELATED_TO,D:\panda\docs\熊猫知识\[202109231900]大熊猫奇妙课堂基地建设与功能.md,核桃坪野化培训基地的主要职能是圈养大熊猫饲养管理和人工繁育、大熊猫疾病防疫与控制、患病野生大熊猫及其伴生动物救护等,熊猫知识
卧龙核桃坪野化培训基地,大熊猫疾病防疫与控制,RELATED_TO,D:\panda\docs\熊猫知识\[202109231900]大熊猫奇妙课堂基地建设与功能.md,核桃坪野化培训基地的主要职能是圈养大熊猫饲养管理和人工繁育、大熊猫疾病防疫与控制、患病野生大熊猫及其伴生动物救护等,熊猫知识
卧龙核桃坪野化培训基地,患病野生大熊猫及其伴生动物救护,RELATED_TO,D:\panda\docs\熊猫知识\[202109231900]大熊猫奇妙课堂基地建设与功能.md,核桃坪野化培训基地的主要职能是圈养大熊猫饲养管理和人工繁育、大熊猫疾病防疫与控制、患病野生大熊猫及其伴生动物救护等,熊猫知识
大熊猫,2003年,RELATED_TO,D:\panda\docs\熊猫知识\[202109251447]大熊猫奇妙课堂大熊猫野化放归.md,从2003年起，我国开始实施大熊猫野化放归计划。,熊猫知识
人工圈养大熊猫,11只,RELATED_TO,D:\panda\docs\熊猫知识\[202109251447]大熊猫奇妙课堂大熊猫野化放归.md,现已放归人工圈养大熊猫11只，存活9只,熊猫知识
人工圈养大熊猫,9只,RELATED_TO,D:\panda\docs\熊猫知识\[202109251447]大熊猫奇妙课堂大熊猫野化放归.md,现已放归人工圈养大熊猫11只，存活9只,熊猫知识
野化放归地,竹子种类和数量,RELATED_TO,D:\panda\docs\熊猫知识\[202109251447]大熊猫奇妙课堂大熊猫野化放归.md,野化放归地的立地条件也要严格勘察、摸清，比如生态系统的完整性、竹子种类和数量、水源现状、人类干扰情况、寄生虫与微生物情况等，都需要有详细、清楚的认识。,熊猫知识
野化放归地,水源现状,RELATED_TO,D:\panda\docs\熊猫知识\[202109251447]大熊猫奇妙课堂大熊猫野化放归.md,野化放归地的立地条件也要严格勘察、摸清，比如生态系统的完整性、竹子种类和数量、水源现状、人类干扰情况、寄生虫与微生物情况等，都需要有详细、清楚的认识。,熊猫知识
野化放归地,人类干扰情况,RELATED_TO,D:\panda\docs\熊猫知识\[202109251447]大熊猫奇妙课堂大熊猫野化放归.md,野化放归地的立地条件也要严格勘察、摸清，比如生态系统的完整性、竹子种类和数量、水源现状、人类干扰情况、寄生虫与微生物情况等，都需要有详细、清楚的认识。,熊猫知识
野化放归地,寄生虫与微生物情况,RELATED_TO,D:\panda\docs\熊猫知识\[202109251447]大熊猫奇妙课堂大熊猫野化放归.md,野化放归地的立地条件也要严格勘察、摸清，比如生态系统的完整性、竹子种类和数量、水源现状、人类干扰情况、寄生虫与微生物情况等，都需要有详细、清楚的认识。,熊猫知识
野化放归地,生态系统的完整性,RELATED_TO,D:\panda\docs\熊猫知识\[202109251447]大熊猫奇妙课堂大熊猫野化放归.md,野化放归地的立地条件也要严格勘察、摸清，比如生态系统的完整性、竹子种类和数量、水源现状、人类干扰情况、寄生虫与微生物情况等，都需要有详细、清楚的认识。,熊猫知识
大熊猫,金丝猴,RELATED_TO,D:\panda\docs\熊猫知识\【熊猫知识】伴生动物 - 成都大熊猫繁育研究基地.md,大熊猫的伴生动物有金丝猴，小熊猫，林麝、羚牛、血雉，红腹锦鸡等。,熊猫知识
大熊猫,小熊猫,RELATED_TO,D:\panda\docs\熊猫知识\【熊猫知识】伴生动物 - 成都大熊猫繁育研究基地.md,大熊猫的伴生动物有金丝猴，小熊猫，林麝、羚牛、血雉，红腹锦鸡等。,熊猫知识
大熊猫,林麝,RELATED_TO,D:\panda\docs\熊猫知识\【熊猫知识】伴生动物 - 成都大熊猫繁育研究基地.md,大熊猫的伴生动物有金丝猴，小熊猫，林麝、羚牛、血雉，红腹锦鸡等。,熊猫知识
大熊猫,羚牛,RELATED_TO,D:\panda\docs\熊猫知识\【熊猫知识】伴生动物 - 成都大熊猫繁育研究基地.md,大熊猫的伴生动物有金丝猴，小熊猫，林麝、羚牛、血雉，红腹锦鸡等。,熊猫知识
大熊猫,血雉,RELATED_TO,D:\panda\docs\熊猫知识\【熊猫知识】伴生动物 - 成都大熊猫繁育研究基地.md,大熊猫的伴生动物有金丝猴，小熊猫，林麝、羚牛、血雉，红腹锦鸡等。,熊猫知识
大熊猫,红腹锦鸡,RELATED_TO,D:\panda\docs\熊猫知识\【熊猫知识】伴生动物 - 成都大熊猫繁育研究基地.md,大熊猫的伴生动物有金丝猴，小熊猫，林麝、羚牛、血雉，红腹锦鸡等。,熊猫知识
大熊猫、金丝猴、小熊猫、林麝、羚牛、血雉、红腹锦鸡,一百万到几百万年,RELATED_TO,D:\panda\docs\熊猫知识\【熊猫知识】伴生动物 - 成都大熊猫繁育研究基地.md,她们都是一百万到几百万年以前的古老动物。,熊猫知识
大熊猫、金丝猴、小熊猫、林麝、羚牛、血雉、红腹锦鸡,西南高山深谷,RELATED_TO,D:\panda\docs\熊猫知识\【熊猫知识】伴生动物 - 成都大熊猫繁育研究基地.md,她们都有效地借助于我国西南高山深谷的有利地形而幸存至今。,熊猫知识
大熊猫与伴生动物,营养分工,RELATED_TO,D:\panda\docs\熊猫知识\【熊猫知识】伴生动物 - 成都大熊猫繁育研究基地.md,通过长期共存，协调地共同生活于同一区域，但各自占有自己的空间，在营养上有分工，昼夜活动和季节上也参差协调，通过食物作为联系的纽带，组成一个较为稳定的动物群。,熊猫知识
大熊猫与伴生动物,昼夜活动参差协调,RELATED_TO,D:\panda\docs\熊猫知识\【熊猫知识】伴生动物 - 成都大熊猫繁育研究基地.md,通过长期共存，协调地共同生活于同一区域，但各自占有自己的空间，在营养上有分工，昼夜活动和季节上也参差协调，通过食物作为联系的纽带，组成一个较为稳定的动物群。,熊猫知识
大熊猫与伴生动物,季节活动参差协调,RELATED_TO,D:\panda\docs\熊猫知识\【熊猫知识】伴生动物 - 成都大熊猫繁育研究基地.md,通过长期共存，协调地共同生活于同一区域，但各自占有自己的空间，在营养上有分工，昼夜活动和季节上也参差协调，通过食物作为联系的纽带，组成一个较为稳定的动物群。,熊猫知识
金猫、豹、豺、狼、黄喉貂,幼仔,RELATED_TO,D:\panda\docs\熊猫知识\【熊猫知识】伴生动物 - 成都大熊猫繁育研究基地.md,尽管大熊猫与世无争，但在它的栖息领域里，还是有一些与它们为敌的动物，如金猫、豹、豺、狼、黄喉貂等，但这些动物通常只袭击大熊猫中的幼仔和病弱年老者,熊猫知识
金猫、豹、豺、狼、黄喉貂,病弱年老者,RELATED_TO,D:\panda\docs\熊猫知识\【熊猫知识】伴生动物 - 成都大熊猫繁育研究基地.md,尽管大熊猫与世无争，但在它的栖息领域里，还是有一些与它们为敌的动物，如金猫、豹、豺、狼、黄喉貂等，但这些动物通常只袭击大熊猫中的幼仔和病弱年老者,熊猫知识
金猫、豹、豺、狼、黄喉貂,成年健康大熊猫,RELATED_TO,D:\panda\docs\熊猫知识\【熊猫知识】伴生动物 - 成都大熊猫繁育研究基地.md,因为年轻体壮的大熊猫仍不失食肉祖先的凶猛，遇强不弱，令敌害生畏，对成年的健康大熊猫并不构成威胁。,熊猫知识
大熊猫,10毫米,RELATED_TO,D:\panda\docs\熊猫知识\【熊猫知识】外形特征 - 成都大熊猫繁育研究基地.md,大熊猫皮肤厚，最厚处可达10毫米。,熊猫知识
大熊猫,5mm,RELATED_TO,D:\panda\docs\熊猫知识\【熊猫知识】外形特征 - 成都大熊猫繁育研究基地.md,身体不同部分的皮肤厚度也不一样，体背部厚于腹侧，体外侧厚于体内侧，皮肤的平均厚度约为5mm。,熊猫知识
体背部,体背部,RELATED_TO,D:\panda\docs\熊猫知识\【熊猫知识】外形特征 - 成都大熊猫繁育研究基地.md,身体不同部分的皮肤厚度也不一样，体背部厚于腹侧，体外侧厚于体内侧。,熊猫知识
体背部,腹侧,RELATED_TO,D:\panda\docs\熊猫知识\【熊猫知识】外形特征 - 成都大熊猫繁育研究基地.md,身体不同部分的皮肤厚度也不一样，体背部厚于腹侧，体外侧厚于体内侧。,熊猫知识
体外侧,体外侧,RELATED_TO,D:\panda\docs\熊猫知识\【熊猫知识】外形特征 - 成都大熊猫繁育研究基地.md,身体不同部分的皮肤厚度也不一样，体背部厚于腹侧，体外侧厚于体内侧。,熊猫知识
体外侧,体内侧,RELATED_TO,D:\panda\docs\熊猫知识\【熊猫知识】外形特征 - 成都大熊猫繁育研究基地.md,身体不同部分的皮肤厚度也不一样，体背部厚于腹侧，体外侧厚于体内侧。,熊猫知识
大熊猫,色白而富有弹性和韧性,RELATED_TO,D:\panda\docs\熊猫知识\【熊猫知识】外形特征 - 成都大熊猫繁育研究基地.md,皮肤的平均厚度约为5mm，并且色白而富有弹性和韧性。,熊猫知识
大熊猫,厚而粗糙的皮毛,RELATED_TO,D:\panda\docs\熊猫知识\【熊猫知识】外形特征 - 成都大熊猫繁育研究基地.md,它们厚而粗糙的皮毛能帮助它们度过严冬。,熊猫知识
大熊猫,相对锋利的爪,RELATED_TO,D:\panda\docs\熊猫知识\【熊猫知识】外形特征 - 成都大熊猫繁育研究基地.md,相对锋利的爪和发达有力的前后肢，有利于大熊猫能快速爬上高大的乔木。,熊猫知识
大熊猫,发达有力的前后肢,RELATED_TO,D:\panda\docs\熊猫知识\【熊猫知识】外形特征 - 成都大熊猫繁育研究基地.md,相对锋利的爪和发达有力的前后肢，有利于大熊猫能快速爬上高大的乔木。,熊猫知识
大熊猫,黑白相间的外表,RELATED_TO,D:\panda\docs\熊猫知识\【熊猫知识】外形特征 - 成都大熊猫繁育研究基地.md,黑白相间的外表，有利于隐蔽在密林的树上和积雪的地面而不易被天敌发现。,熊猫知识
大熊猫,不冬眠,RELATED_TO,D:\panda\docs\熊猫知识\【熊猫知识】外形特征 - 成都大熊猫繁育研究基地.md,它们不需要冬眠，即使是寒冷的冬天，它们仍然在雪地里觅食。,熊猫知识
大熊猫,北京附近周口店,RELATED_TO,D:\panda\docs\熊猫知识\【熊猫知识】大熊猫分布和现状 - 成都大熊猫繁育研究基地.md,大熊猫曾广泛分布于中国长江、黄河和珠江三大流域，包括从北京附近周口店至两广以及附近的东南亚地区。,熊猫知识
大熊猫,两广,RELATED_TO,D:\panda\docs\熊猫知识\【熊猫知识】大熊猫分布和现状 - 成都大熊猫繁育研究基地.md,大熊猫曾广泛分布于中国长江、黄河和珠江三大流域，包括从北京附近周口店至两广以及附近的东南亚地区。,熊猫知识
大熊猫,东南亚,RELATED_TO,D:\panda\docs\熊猫知识\【熊猫知识】大熊猫分布和现状 - 成都大熊猫繁育研究基地.md,大熊猫曾广泛分布于中国长江、黄河和珠江三大流域，包括从北京附近周口店至两广以及附近的东南亚地区。,熊猫知识
大熊猫,秦岭山系,RELATED_TO,D:\panda\docs\熊猫知识\【熊猫知识】大熊猫分布和现状 - 成都大熊猫繁育研究基地.md,而现在我们只能在秦岭山系、岷山山系、邛崃山系、凉山和大、小相岭山系找到它们。,熊猫知识
大熊猫,岷山山系,RELATED_TO,D:\panda\docs\熊猫知识\【熊猫知识】大熊猫分布和现状 - 成都大熊猫繁育研究基地.md,而现在我们只能在秦岭山系、岷山山系、邛崃山系、凉山和大、小相岭山系找到它们。,熊猫知识
大熊猫,邛崃山系,RELATED_TO,D:\panda\docs\熊猫知识\【熊猫知识】大熊猫分布和现状 - 成都大熊猫繁育研究基地.md,而现在我们只能在秦岭山系、岷山山系、邛崃山系、凉山和大、小相岭山系找到它们。,熊猫知识
大熊猫,凉山,RELATED_TO,D:\panda\docs\熊猫知识\【熊猫知识】大熊猫分布和现状 - 成都大熊猫繁育研究基地.md,而现在我们只能在秦岭山系、岷山山系、邛崃山系、凉山和大、小相岭山系找到它们。,熊猫知识
大熊猫,大相岭山系,RELATED_TO,D:\panda\docs\熊猫知识\【熊猫知识】大熊猫分布和现状 - 成都大熊猫繁育研究基地.md,而现在我们只能在秦岭山系、岷山山系、邛崃山系、凉山和大、小相岭山系找到它们。,熊猫知识
大熊猫,小相岭山系,RELATED_TO,D:\panda\docs\熊猫知识\【熊猫知识】大熊猫分布和现状 - 成都大熊猫繁育研究基地.md,而现在我们只能在秦岭山系、岷山山系、邛崃山系、凉山和大、小相岭山系找到它们。,熊猫知识
大熊猫,川、陕、甘3省的49个县,RELATED_TO,D:\panda\docs\熊猫知识\【熊猫知识】大熊猫分布和现状 - 成都大熊猫繁育研究基地.md,栖息地横跨川、陕、甘3省的49个县,熊猫知识
大熊猫,258万公顷,RELATED_TO,D:\panda\docs\熊猫知识\【熊猫知识】大熊猫分布和现状 - 成都大熊猫繁育研究基地.md,栖息地面积258万公顷,熊猫知识
大熊猫,67个,RELATED_TO,D:\panda\docs\熊猫知识\【熊猫知识】大熊猫分布和现状 - 成都大熊猫繁育研究基地.md,截止2014年，全国已建立大熊猫自然保护区67个，比三调时增加27个。,熊猫知识
大熊猫,46.2%,RELATED_TO,D:\panda\docs\熊猫知识\【熊猫知识】大熊猫分布和现状 - 成都大熊猫繁育研究基地.md,仍有46.2%的栖息地、33.2%的种群仍然在自然保护区体系外。,熊猫知识
大熊猫,33.2%,RELATED_TO,D:\panda\docs\熊猫知识\【熊猫知识】大熊猫分布和现状 - 成都大熊猫繁育研究基地.md,仍有46.2%的栖息地、33.2%的种群仍然在自然保护区体系外。,熊猫知识
大熊猫,1864只,RELATED_TO,D:\panda\docs\熊猫知识\【熊猫知识】大熊猫分布和现状 - 成都大熊猫繁育研究基地.md,野生大熊猫仅有1864只,熊猫知识
大熊猫,四川,RELATED_TO,D:\panda\docs\熊猫知识\【熊猫知识】大熊猫分布和现状 - 成都大熊猫繁育研究基地.md,其中大约75%分布于四川境内,熊猫知识
大熊猫,633只,RELATED_TO,D:\panda\docs\熊猫知识\【熊猫知识】大熊猫分布和现状 - 成都大熊猫繁育研究基地.md,截止2020年，全世界圈养单位共圈养熊猫633只,熊猫知识
大熊猫,成都大熊猫繁育研究基地,RELATED_TO,D:\panda\docs\熊猫知识\【熊猫知识】大熊猫分布和现状 - 成都大熊猫繁育研究基地.md,成都大熊猫繁育研究基地圈养熊猫215只,熊猫知识
成都大熊猫繁育研究基地,215只,RELATED_TO,D:\panda\docs\熊猫知识\【熊猫知识】大熊猫分布和现状 - 成都大熊猫繁育研究基地.md,成都大熊猫繁育研究基地圈养熊猫215只,熊猫知识
大熊猫,卧龙中国保护大熊猫研究中心,RELATED_TO,D:\panda\docs\熊猫知识\【熊猫知识】大熊猫分布和现状 - 成都大熊猫繁育研究基地.md,能够经常维持10只以上饲养种群的单位目前仅有卧龙中国保护大熊猫研究中心、成都大熊猫繁育研究基地、陕西省珍惜野生动物抢救饲养研究中心和北京动物园4家。,熊猫知识
大熊猫,成都大熊猫繁育研究基地,RELATED_TO,D:\panda\docs\熊猫知识\【熊猫知识】大熊猫分布和现状 - 成都大熊猫繁育研究基地.md,能够经常维持10只以上饲养种群的单位目前仅有卧龙中国保护大熊猫研究中心、成都大熊猫繁育研究基地、陕西省珍惜野生动物抢救饲养研究中心和北京动物园4家。,熊猫知识
大熊猫,陕西省珍惜野生动物抢救饲养研究中心,RELATED_TO,D:\panda\docs\熊猫知识\【熊猫知识】大熊猫分布和现状 - 成都大熊猫繁育研究基地.md,能够经常维持10只以上饲养种群的单位目前仅有卧龙中国保护大熊猫研究中心、成都大熊猫繁育研究基地、陕西省珍惜野生动物抢救饲养研究中心和北京动物园4家。,熊猫知识
大熊猫,北京动物园,RELATED_TO,D:\panda\docs\熊猫知识\【熊猫知识】大熊猫分布和现状 - 成都大熊猫繁育研究基地.md,能够经常维持10只以上饲养种群的单位目前仅有卧龙中国保护大熊猫研究中心、成都大熊猫繁育研究基地、陕西省珍惜野生动物抢救饲养研究中心和北京动物园4家。,熊猫知识
大熊猫,日本和歌山白浜野生动物园,RELATED_TO,D:\panda\docs\熊猫知识\【熊猫知识】大熊猫分布和现状 - 成都大熊猫繁育研究基地.md,此外，在日本和歌山白浜野生动物园、美国亚特兰大动物园等40余家圈养保护机构中也生活有大熊猫。,熊猫知识
大熊猫,美国亚特兰大动物园,RELATED_TO,D:\panda\docs\熊猫知识\【熊猫知识】大熊猫分布和现状 - 成都大熊猫繁育研究基地.md,此外，在日本和歌山白浜野生动物园、美国亚特兰大动物园等40余家圈养保护机构中也生活有大熊猫。,熊猫知识
云南禄丰,始熊猫,RELATED_TO,D:\panda\docs\熊猫知识\【熊猫知识】大熊猫历史 - 成都大熊猫繁育研究基地.md,迄今所发现的最古老大熊猫成员——始熊猫的化石出土于我国云南禄丰和元谋两地，地质年代约为800万年前中新世晚期。,熊猫知识
云南元谋,始熊猫,RELATED_TO,D:\panda\docs\熊猫知识\【熊猫知识】大熊猫历史 - 成都大熊猫繁育研究基地.md,迄今所发现的最古老大熊猫成员——始熊猫的化石出土于我国云南禄丰和元谋两地，地质年代约为800万年前中新世晚期。,熊猫知识
始熊猫化石,800万年前,RELATED_TO,D:\panda\docs\熊猫知识\【熊猫知识】大熊猫历史 - 成都大熊猫繁育研究基地.md,迄今所发现的最古老大熊猫成员——始熊猫的化石出土于我国云南禄丰和元谋两地，地质年代约为800万年前中新世晚期。,熊猫知识
大熊猫,大熊猫,RELATED_TO,D:\panda\docs\熊猫知识\【熊猫知识】大熊猫历史 - 成都大熊猫繁育研究基地.md,《毛诗》称白羆（p）,熊猫知识
大熊猫,大熊猫,RELATED_TO,D:\panda\docs\熊猫知识\【熊猫知识】大熊猫历史 - 成都大熊猫繁育研究基地.md,《峨眉山志》称貔貅,熊猫知识
四川雅安宝兴县邓池沟,阿尔芒·戴维神父,RELATED_TO,D:\panda\docs\熊猫知识\【熊猫知识】大熊猫历史 - 成都大熊猫繁育研究基地.md,1869年3月，法国博物学家阿尔芒·戴维神父……在四川雅安宝兴县的邓池沟（穆坪）教堂附近科学考察时，发现了当地人称为白熊、花熊的踪迹。,熊猫知识
大熊猫,大熊猫,RELATED_TO,D:\panda\docs\熊猫知识\【熊猫知识】大熊猫历史 - 成都大熊猫繁育研究基地.md,1869年3月，法国博物学家阿尔芒·戴维神父……在四川雅安宝兴县的邓池沟（穆坪）教堂附近科学考察时，发现了当地人称为白熊、花熊的踪迹。,熊猫知识
阿尔芒·戴维神父,1869年4月1日,RELATED_TO,D:\panda\docs\熊猫知识\【熊猫知识】大熊猫历史 - 成都大熊猫繁育研究基地.md,4月1日，他采集到白熊标本，毛色有黑有白，脚掌底部多毛，样子像熊，这是他从未见过的奇异动物。,熊猫知识
大熊猫标本,阿尔封斯·米勒·爱德华兹,RELATED_TO,D:\panda\docs\熊猫知识\【熊猫知识】大熊猫历史 - 成都大熊猫繁育研究基地.md,他把标本和骨骼运到法国，经巴黎自然历史博物馆科学家阿尔封斯·米勒·爱德华兹鉴定，‘黑白熊’是一个新物种，定名为‘猫熊’,熊猫知识
阿尔封斯·米勒·爱德华兹,大熊猫,RELATED_TO,D:\panda\docs\熊猫知识\【熊猫知识】大熊猫历史 - 成都大熊猫繁育研究基地.md,他把标本和骨骼运到法国，经巴黎自然历史博物馆科学家阿尔封斯·米勒·爱德华兹鉴定，‘黑白熊’是一个新物种，定名为‘猫熊’,熊猫知识
大熊猫新物种鉴定,1869年,RELATED_TO,D:\panda\docs\熊猫知识\【熊猫知识】大熊猫历史 - 成都大熊猫繁育研究基地.md,鉴定报告发表在1869年《巴黎自然历史博物馆之新文档》第五卷,熊猫知识
大熊猫新物种鉴定报告,巴黎自然历史博物馆,RELATED_TO,D:\panda\docs\熊猫知识\【熊猫知识】大熊猫历史 - 成都大熊猫繁育研究基地.md,鉴定报告发表在1869年《巴黎自然历史博物馆之新文档》第五卷,熊猫知识
大熊猫幼仔,120克,RELATED_TO,D:\panda\docs\熊猫知识\【熊猫知识】大熊猫生长发育 - 成都大熊猫繁育研究基地.md,初生熊猫幼仔体重仅是它母亲体重的千分之一，平均体重仅120克左右，最轻的为51克，最重的为225克。,熊猫知识
大熊猫幼仔,51克,RELATED_TO,D:\panda\docs\熊猫知识\【熊猫知识】大熊猫生长发育 - 成都大熊猫繁育研究基地.md,初生熊猫幼仔体重仅是它母亲体重的千分之一，平均体重仅120克左右，最轻的为51克，最重的为225克。,熊猫知识
大熊猫幼仔,225克,RELATED_TO,D:\panda\docs\熊猫知识\【熊猫知识】大熊猫生长发育 - 成都大熊猫繁育研究基地.md,初生熊猫幼仔体重仅是它母亲体重的千分之一，平均体重仅120克左右，最轻的为51克，最重的为225克。,熊猫知识
大熊猫幼仔,免疫系统,RELATED_TO,D:\panda\docs\熊猫知识\【熊猫知识】大熊猫生长发育 - 成都大熊猫繁育研究基地.md,粉色的皮肤上长着白毛，眼睛和耳朵还没有发育完全，免疫系统的也还未发育完善。,熊猫知识
大熊猫幼仔,眼睛,RELATED_TO,D:\panda\docs\熊猫知识\【熊猫知识】大熊猫生长发育 - 成都大熊猫繁育研究基地.md,粉色的皮肤上长着白毛，眼睛和耳朵还没有发育完全，免疫系统的也还未发育完善。,熊猫知识
大熊猫幼仔,耳朵,RELATED_TO,D:\panda\docs\熊猫知识\【熊猫知识】大熊猫生长发育 - 成都大熊猫繁育研究基地.md,粉色的皮肤上长着白毛，眼睛和耳朵还没有发育完全，免疫系统的也还未发育完善。,熊猫知识
大熊猫幼仔,肩带,RELATED_TO,D:\panda\docs\熊猫知识\【熊猫知识】大熊猫生长发育 - 成都大熊猫繁育研究基地.md,一到两周：肩带、四肢和耳朵渐渐变黑。,熊猫知识
大熊猫幼仔,四肢,RELATED_TO,D:\panda\docs\熊猫知识\【熊猫知识】大熊猫生长发育 - 成都大熊猫繁育研究基地.md,一到两周：肩带、四肢和耳朵渐渐变黑。,熊猫知识
大熊猫幼仔,耳朵,RELATED_TO,D:\panda\docs\熊猫知识\【熊猫知识】大熊猫生长发育 - 成都大熊猫繁育研究基地.md,一到两周：肩带、四肢和耳朵渐渐变黑。,熊猫知识
大熊猫幼仔,吃竹子,RELATED_TO,D:\panda\docs\熊猫知识\【熊猫知识】大熊猫生长发育 - 成都大熊猫繁育研究基地.md,半岁：可以自由行走，开始学吃竹子。,熊猫知识
大熊猫幼仔,恒牙,RELATED_TO,D:\panda\docs\熊猫知识\【熊猫知识】大熊猫生长发育 - 成都大熊猫繁育研究基地.md,一岁：开始长出恒牙。,熊猫知识
大熊猫,竹类,RELATED_TO,D:\panda\docs\熊猫知识\【熊猫知识】大熊猫生长发育 - 成都大熊猫繁育研究基地.md,亚成年：一岁半到性成熟前为亚成年阶段……这一阶段大熊猫的食物从营养丰富的奶为主逐渐过渡到以高纤维、低营养的竹类为主。,熊猫知识
成年大熊猫,160~180厘米,RELATED_TO,D:\panda\docs\熊猫知识\【熊猫知识】大熊猫生长发育 - 成都大熊猫繁育研究基地.md,成年：体长约160~180厘米，体重约80~150公斤。,熊猫知识
成年大熊猫,80~150公斤,RELATED_TO,D:\panda\docs\熊猫知识\【熊猫知识】大熊猫生长发育 - 成都大熊猫繁育研究基地.md,成年：体长约160~180厘米，体重约80~150公斤。,熊猫知识
大熊猫,金丝猴,RELATED_TO,D:\panda\docs\熊猫知识\【熊猫知识】大熊猫的朋友 - 成都大熊猫繁育研究基地.md,熊猫的近邻主要有金丝猴、扭角羚、小熊猫、毛冠鹿等。,熊猫知识
大熊猫,扭角羚,RELATED_TO,D:\panda\docs\熊猫知识\【熊猫知识】大熊猫的朋友 - 成都大熊猫繁育研究基地.md,熊猫的近邻主要有金丝猴、扭角羚、小熊猫、毛冠鹿等。,熊猫知识
大熊猫,小熊猫,RELATED_TO,D:\panda\docs\熊猫知识\【熊猫知识】大熊猫的朋友 - 成都大熊猫繁育研究基地.md,熊猫的近邻主要有金丝猴、扭角羚、小熊猫、毛冠鹿等。,熊猫知识
大熊猫,毛冠鹿,RELATED_TO,D:\panda\docs\熊猫知识\【熊猫知识】大熊猫的朋友 - 成都大熊猫繁育研究基地.md,熊猫的近邻主要有金丝猴、扭角羚、小熊猫、毛冠鹿等。,熊猫知识
金丝猴、扭角羚、小熊猫、毛冠鹿、大熊猫,一百万到几百万年,RELATED_TO,D:\panda\docs\熊猫知识\【熊猫知识】大熊猫的朋友 - 成都大熊猫繁育研究基地.md,它们都是一百万到几百万年以前的古老动物。,熊猫知识
金丝猴、扭角羚、小熊猫、毛冠鹿、大熊猫,我国西南高山深谷,RELATED_TO,D:\panda\docs\熊猫知识\【熊猫知识】大熊猫的朋友 - 成都大熊猫繁育研究基地.md,它们都有效地借助于我国西南高山深谷的有利地形而幸存至今。,熊猫知识
金丝猴、扭角羚、小熊猫、毛冠鹿、大熊猫,营养分工,RELATED_TO,D:\panda\docs\熊猫知识\【熊猫知识】大熊猫的朋友 - 成都大熊猫繁育研究基地.md,通过长期共存，协调地共同生活于同一区域，但各自占有自己的空间，在营养上有分工，昼夜活动和季节上也参差协调，通过食物作为联系的纽带，组成一个较为稳定的动物群。,熊猫知识
金丝猴、扭角羚、小熊猫、毛冠鹿、大熊猫,昼夜活动和季节上参差协调,RELATED_TO,D:\panda\docs\熊猫知识\【熊猫知识】大熊猫的朋友 - 成都大熊猫繁育研究基地.md,通过长期共存，协调地共同生活于同一区域，但各自占有自己的空间，在营养上有分工，昼夜活动和季节上也参差协调，通过食物作为联系的纽带，组成一个较为稳定的动物群。,熊猫知识
金丝猴、扭角羚、小熊猫、毛冠鹿、大熊猫,食物联系纽带,RELATED_TO,D:\panda\docs\熊猫知识\【熊猫知识】大熊猫的朋友 - 成都大熊猫繁育研究基地.md,通过长期共存，协调地共同生活于同一区域，但各自占有自己的空间，在营养上有分工，昼夜活动和季节上也参差协调，通过食物作为联系的纽带，组成一个较为稳定的动物群。,熊猫知识
小熊猫,野樱桃、花揪,RELATED_TO,D:\panda\docs\熊猫知识\【熊猫知识】大熊猫的朋友 - 成都大熊猫繁育研究基地.md,大熊猫在秋季爱吃竹叶，这时小熊猫却主要是吃野樱桃、花揪等各种野果；,熊猫知识
小熊猫,小径竹笋,RELATED_TO,D:\panda\docs\熊猫知识\【熊猫知识】大熊猫的朋友 - 成都大熊猫繁育研究基地.md,大熊猫在春夏爱吃较大径的竹笋，而小熊猫则主要吃大熊猫不吃的小径竹笋；,熊猫知识
小熊猫,较低部位的竹叶,RELATED_TO,D:\panda\docs\熊猫知识\【熊猫知识】大熊猫的朋友 - 成都大熊猫繁育研究基地.md,大熊猫多吃竹子上部的枝叶，小熊猫采食在较低部位的竹叶；,熊猫知识
小熊猫,陡峭的阳坡,RELATED_TO,D:\panda\docs\熊猫知识\【熊猫知识】大熊猫的朋友 - 成都大熊猫繁育研究基地.md,大熊猫采食地点多在平缓的阴坡，而小熊猫多在陡峭的阳坡采食。,熊猫知识
金丝猴,郁郁葱葱的树冠,RELATED_TO,D:\panda\docs\熊猫知识\【熊猫知识】大熊猫的朋友 - 成都大熊猫繁育研究基地.md,它们在熊猫家园里所占有的空间主要是在郁郁葱葱的树冠以及树的幼芽嫩叶，和挂着附生的丝状地衣松萝，以及树皮上附生的块状的衣等为食。,熊猫知识
金丝猴,幼芽嫩叶,RELATED_TO,D:\panda\docs\熊猫知识\【熊猫知识】大熊猫的朋友 - 成都大熊猫繁育研究基地.md,它们在熊猫家园里所占有的空间主要是在郁郁葱葱的树冠以及树的幼芽嫩叶，和挂着附生的丝状地衣松萝，以及树皮上附生的块状的衣等为食。,熊猫知识
金丝猴,丝状地衣松萝,RELATED_TO,D:\panda\docs\熊猫知识\【熊猫知识】大熊猫的朋友 - 成都大熊猫繁育研究基地.md,它们在熊猫家园里所占有的空间主要是在郁郁葱葱的树冠以及树的幼芽嫩叶，和挂着附生的丝状地衣松萝，以及树皮上附生的块状的衣等为食。,熊猫知识
金丝猴,树皮上附生的块状的地衣,RELATED_TO,D:\panda\docs\熊猫知识\【熊猫知识】大熊猫的朋友 - 成都大熊猫繁育研究基地.md,它们在熊猫家园里所占有的空间主要是在郁郁葱葱的树冠以及树的幼芽嫩叶，和挂着附生的丝状地衣松萝，以及树皮上附生的块状的衣等为食。,熊猫知识
金丝猴,警戒情报,RELATED_TO,D:\panda\docs\熊猫知识\【熊猫知识】大熊猫的朋友 - 成都大熊猫繁育研究基地.md,如发现异常的情况，会发出警报声，猴群听到立即鸦雀无声，同时也给视觉差的熊猫，提供了警戒的情报。,熊猫知识
羚牛,上百的大群,RELATED_TO,D:\panda\docs\熊猫知识\【熊猫知识】大熊猫的朋友 - 成都大熊猫繁育研究基地.md,在冬季可结成上百的大群，喜食许多灌丛植物的芽、叶、树皮以及各种青草，在冬季它们还吃熊猫不吃已枯萎的竹叶。,熊猫知识
羚牛,枯萎的竹叶,RELATED_TO,D:\panda\docs\熊猫知识\【熊猫知识】大熊猫的朋友 - 成都大熊猫繁育研究基地.md,在冬季可结成上百的大群，喜食许多灌丛植物的芽、叶、树皮以及各种青草，在冬季它们还吃熊猫不吃已枯萎的竹叶。,熊猫知识
毛冠鹿,密林和竹丛,RELATED_TO,D:\panda\docs\熊猫知识\【熊猫知识】大熊猫的朋友 - 成都大熊猫繁育研究基地.md,毛冠鹿是密林和竹丛中以草类为食的君子,熊猫知识
毛冠鹿,草类,RELATED_TO,D:\panda\docs\熊猫知识\【熊猫知识】大熊猫的朋友 - 成都大熊猫繁育研究基地.md,毛冠鹿是密林和竹丛中以草类为食的君子,熊猫知识
大熊猫,栖息地,RELATED_TO,D:\panda\docs\熊猫知识\【熊猫知识】气味标记 - 成都大熊猫繁育研究基地.md,大熊猫大多数的交流都是通过留在栖息地的气味标记来实现的。,熊猫知识
大熊猫,发情季节,RELATED_TO,D:\panda\docs\熊猫知识\【熊猫知识】气味标记 - 成都大熊猫繁育研究基地.md,当它们想见面的时候，通常是发情季节，就会通过气味标记找到彼此。,熊猫知识
大熊猫,声音交流,RELATED_TO,D:\panda\docs\熊猫知识\【熊猫知识】气味标记 - 成都大熊猫繁育研究基地.md,一旦它们见面以后，就转为声音交流。,熊猫知识
大熊猫,玩/表示友好/无交配或好斗意图,RELATED_TO,D:\panda\docs\熊猫知识\【熊猫知识】气味标记 - 成都大熊猫繁育研究基地.md,沉默是另一种交流方式。当大熊猫在玩，或是简单地表示友好，没有交配或好斗的想法的时候，它们不会发出任何声音。,熊猫知识
气味标记,竹林,RELATED_TO,D:\panda\docs\熊猫知识\【熊猫知识】气味标记 - 成都大熊猫繁育研究基地.md,用气味来标记领土是大熊猫在竹林里保持和平的秘诀。,熊猫知识
大熊猫,肛周腺体的分泌物,RELATED_TO,D:\panda\docs\熊猫知识\【熊猫知识】气味标记 - 成都大熊猫繁育研究基地.md,大熊猫将肛周腺体的分泌物涂在柱子、树桩、墙上、地上以及它们经常经过的地方。,熊猫知识
大熊猫,尿液,RELATED_TO,D:\panda\docs\熊猫知识\【熊猫知识】气味标记 - 成都大熊猫繁育研究基地.md,大熊猫有好几种做标记的方式。它们经常用尿液，或尿液和肛周腺分泌物的混合来做标记。,熊猫知识
大熊猫,尿液和肛周腺分泌物的混合,RELATED_TO,D:\panda\docs\熊猫知识\【熊猫知识】气味标记 - 成都大熊猫繁育研究基地.md,大熊猫有好几种做标记的方式。它们经常用尿液，或尿液和肛周腺分泌物的混合来做标记。,熊猫知识
大熊猫,晃动头部,RELATED_TO,D:\panda\docs\熊猫知识\【熊猫知识】气味标记 - 成都大熊猫繁育研究基地.md,当它们做标记的时候，它们会晃动头部，嘴巴半张。,熊猫知识
大熊猫,剥树皮,RELATED_TO,D:\panda\docs\熊猫知识\【熊猫知识】气味标记 - 成都大熊猫繁育研究基地.md,做了标记以后，它们会在做标记的地方剥掉树皮，或留下抓痕，以引起其他大熊猫的注意。,熊猫知识
大熊猫,留抓痕,RELATED_TO,D:\panda\docs\熊猫知识\【熊猫知识】气味标记 - 成都大熊猫繁育研究基地.md,做了标记以后，它们会在做标记的地方剥掉树皮，或留下抓痕，以引起其他大熊猫的注意。,熊猫知识
大熊猫,非发情季节,RELATED_TO,D:\panda\docs\熊猫知识\【熊猫知识】气味标记 - 成都大熊猫繁育研究基地.md,在非发情季节的时候，一闻到陌生熊猫的气味它们就会走开。,熊猫知识
雌性大熊猫,雌性大熊猫的气味,RELATED_TO,D:\panda\docs\熊猫知识\【熊猫知识】气味标记 - 成都大熊猫繁育研究基地.md,发情季节的时候，一只雌性大熊猫的气味可能就表示她已经做好交配的准备，并且希望吸引雄性前来。,熊猫知识
气味标记,互相回避或聚到一起,RELATED_TO,D:\panda\docs\熊猫知识\【熊猫知识】气味标记 - 成都大熊猫繁育研究基地.md,这些气味标记能让它们互相回避或聚到一起。,熊猫知识
大熊猫,相对较短的消化道,RELATED_TO,D:\panda\docs\熊猫知识\【熊猫知识】消化 - 成都大熊猫繁育研究基地.md,大熊猫的消化道保留了祖先的特性，与肉食类动物相似，如相对较短的消化道,熊猫知识
大熊猫,锋利的犬齿,RELATED_TO,D:\panda\docs\熊猫知识\【熊猫知识】消化 - 成都大熊猫繁育研究基地.md,与肉食类动物相似，如...锋利的犬齿,熊猫知识
大熊猫,单室胃,RELATED_TO,D:\panda\docs\熊猫知识\【熊猫知识】消化 - 成都大熊猫繁育研究基地.md,与肉食类动物相似，如...单室胃,熊猫知识
大熊猫,无盲肠,RELATED_TO,D:\panda\docs\熊猫知识\【熊猫知识】消化 - 成都大熊猫繁育研究基地.md,与肉食类动物相似，如...没有盲肠,熊猫知识
大熊猫,锋利的爪,RELATED_TO,D:\panda\docs\熊猫知识\【熊猫知识】消化 - 成都大熊猫繁育研究基地.md,与肉食类动物相似，如...相对锋利的爪和较发达的肉垫,熊猫知识
大熊猫,较发达的肉垫,RELATED_TO,D:\panda\docs\熊猫知识\【熊猫知识】消化 - 成都大熊猫繁育研究基地.md,与肉食类动物相似，如...相对锋利的爪和较发达的肉垫,熊猫知识
大熊猫,5~13个小时,RELATED_TO,D:\panda\docs\熊猫知识\【熊猫知识】消化 - 成都大熊猫繁育研究基地.md,大熊猫5~13个小时就会排出粪便,熊猫知识
大熊猫,不足17%,RELATED_TO,D:\panda\docs\熊猫知识\【熊猫知识】消化 - 成都大熊猫繁育研究基地.md,大多数的植食性动物能消化它们食物的80％，而大熊猫不足17％,熊猫知识
大熊猫,缺乏帮助消化纤维素的内脏微生物,RELATED_TO,D:\panda\docs\熊猫知识\【熊猫知识】消化 - 成都大熊猫繁育研究基地.md,它的内脏内缺乏微生物来帮助它消化食物里面粗糙的纤维素,熊猫知识
大熊猫,缩短怀孕期,RELATED_TO,D:\panda\docs\熊猫知识\【熊猫知识】消化 - 成都大熊猫繁育研究基地.md,大熊猫为了节约能量，尽量减少社会活动，减小活动范围，缩短怀孕期,熊猫知识
大熊猫,1600米至3500米,RELATED_TO,D:\panda\docs\熊猫知识\【熊猫知识】生存环境 - 成都大熊猫繁育研究基地.md,大熊猫生活在海拔约1600米至3500米的茂密竹林里,熊猫知识
大熊猫,长江上游,RELATED_TO,D:\panda\docs\熊猫知识\【熊猫知识】生存环境 - 成都大熊猫繁育研究基地.md,大熊猫生活在海拔约1600米至3500米的茂密竹林里，那里位于长江上游的高山深谷,熊猫知识
大熊猫,高山深谷,RELATED_TO,D:\panda\docs\熊猫知识\【熊猫知识】生存环境 - 成都大熊猫繁育研究基地.md,大熊猫生活在海拔约1600米至3500米的茂密竹林里，那里位于长江上游的高山深谷,熊猫知识
大熊猫,坳沟,RELATED_TO,D:\panda\docs\熊猫知识\【熊猫知识】生存环境 - 成都大熊猫繁育研究基地.md,大熊猫活动的区域多在坳沟、山腹洼地、河谷阶地等20以下的缓坡地形,熊猫知识
大熊猫,山腹洼地,RELATED_TO,D:\panda\docs\熊猫知识\【熊猫知识】生存环境 - 成都大熊猫繁育研究基地.md,大熊猫活动的区域多在坳沟、山腹洼地、河谷阶地等20以下的缓坡地形,熊猫知识
大熊猫,河谷阶地,RELATED_TO,D:\panda\docs\熊猫知识\【熊猫知识】生存环境 - 成都大熊猫繁育研究基地.md,大熊猫活动的区域多在坳沟、山腹洼地、河谷阶地等20以下的缓坡地形,熊猫知识
大熊猫栖息地,温凉潮湿,RELATED_TO,D:\panda\docs\熊猫知识\【熊猫知识】生存环境 - 成都大熊猫繁育研究基地.md,常年空气稀薄，云雾缭绕，为东南季风的迎风面，气候温凉潮湿，湿度常在80%以上，气温低于20摄氏度,熊猫知识
大熊猫栖息地,湿度常在80%以上,RELATED_TO,D:\panda\docs\熊猫知识\【熊猫知识】生存环境 - 成都大熊猫繁育研究基地.md,常年空气稀薄，云雾缭绕，为东南季风的迎风面，气候温凉潮湿，湿度常在80%以上，气温低于20摄氏度,熊猫知识
大熊猫栖息地,气温低于20摄氏度,RELATED_TO,D:\panda\docs\熊猫知识\【熊猫知识】生存环境 - 成都大熊猫繁育研究基地.md,常年空气稀薄，云雾缭绕，为东南季风的迎风面，气候温凉潮湿，湿度常在80%以上，气温低于20摄氏度,熊猫知识
大熊猫栖息地,东南季风的迎风面,RELATED_TO,D:\panda\docs\熊猫知识\【熊猫知识】生存环境 - 成都大熊猫繁育研究基地.md,常年空气稀薄，云雾缭绕，为东南季风的迎风面,熊猫知识
野外大熊猫分布和密度,竹子分布,RELATED_TO,D:\panda\docs\熊猫知识\【熊猫知识】生存环境 - 成都大熊猫繁育研究基地.md,竹子、地形、水源的分布，是否有藏身处和哺育幼仔的巢穴以及山势等因素也会影响野外大熊猫的分布和密度,熊猫知识
野外大熊猫分布和密度,地形,RELATED_TO,D:\panda\docs\熊猫知识\【熊猫知识】生存环境 - 成都大熊猫繁育研究基地.md,竹子、地形、水源的分布，是否有藏身处和哺育幼仔的巢穴以及山势等因素也会影响野外大熊猫的分布和密度,熊猫知识
野外大熊猫分布和密度,水源分布,RELATED_TO,D:\panda\docs\熊猫知识\【熊猫知识】生存环境 - 成都大熊猫繁育研究基地.md,竹子、地形、水源的分布，是否有藏身处和哺育幼仔的巢穴以及山势等因素也会影响野外大熊猫的分布和密度,熊猫知识
野外大熊猫分布和密度,藏身处,RELATED_TO,D:\panda\docs\熊猫知识\【熊猫知识】生存环境 - 成都大熊猫繁育研究基地.md,竹子、地形、水源的分布，是否有藏身处和哺育幼仔的巢穴以及山势等因素也会影响野外大熊猫的分布和密度,熊猫知识
野外大熊猫分布和密度,哺育幼仔的巢穴,RELATED_TO,D:\panda\docs\熊猫知识\【熊猫知识】生存环境 - 成都大熊猫繁育研究基地.md,竹子、地形、水源的分布，是否有藏身处和哺育幼仔的巢穴以及山势等因素也会影响野外大熊猫的分布和密度,熊猫知识
野外大熊猫分布和密度,山势,RELATED_TO,D:\panda\docs\熊猫知识\【熊猫知识】生存环境 - 成都大熊猫繁育研究基地.md,竹子、地形、水源的分布，是否有藏身处和哺育幼仔的巢穴以及山势等因素也会影响野外大熊猫的分布和密度,熊猫知识
大熊猫分布,人为的干扰,RELATED_TO,D:\panda\docs\熊猫知识\【熊猫知识】生存环境 - 成都大熊猫繁育研究基地.md,人为的干扰是现今影响大熊猫分布的主要因素,熊猫知识
疾病,大熊猫,RELATED_TO,D:\panda\docs\熊猫知识\【熊猫知识】疾病 - 成都大熊猫繁育研究基地.md,在自然状况下，疾病可能是影响大熊猫生存的最大危害,熊猫知识
疾病,消化系统疾病,RELATED_TO,D:\panda\docs\熊猫知识\【熊猫知识】疾病 - 成都大熊猫繁育研究基地.md,消化、呼吸、神经、造血系统的疾病往往是致命的,熊猫知识
疾病,呼吸系统疾病,RELATED_TO,D:\panda\docs\熊猫知识\【熊猫知识】疾病 - 成都大熊猫繁育研究基地.md,消化、呼吸、神经、造血系统的疾病往往是致命的,熊猫知识
疾病,神经系统疾病,RELATED_TO,D:\panda\docs\熊猫知识\【熊猫知识】疾病 - 成都大熊猫繁育研究基地.md,消化、呼吸、神经、造血系统的疾病往往是致命的,熊猫知识
疾病,造血系统疾病,RELATED_TO,D:\panda\docs\熊猫知识\【熊猫知识】疾病 - 成都大熊猫繁育研究基地.md,消化、呼吸、神经、造血系统的疾病往往是致命的,熊猫知识
大熊猫,肿瘤,RELATED_TO,D:\panda\docs\熊猫知识\【熊猫知识】疾病 - 成都大熊猫繁育研究基地.md,还会出现各种肿瘤、体内外寄生虫病和皮肤病以及外伤等，都会影响大熊猫的健康和寿命。,熊猫知识
大熊猫,体内外寄生虫病,RELATED_TO,D:\panda\docs\熊猫知识\【熊猫知识】疾病 - 成都大熊猫繁育研究基地.md,还会出现各种肿瘤、体内外寄生虫病和皮肤病以及外伤等，都会影响大熊猫的健康和寿命。,熊猫知识
大熊猫,皮肤病,RELATED_TO,D:\panda\docs\熊猫知识\【熊猫知识】疾病 - 成都大熊猫繁育研究基地.md,还会出现各种肿瘤、体内外寄生虫病和皮肤病以及外伤等，都会影响大熊猫的健康和寿命。,熊猫知识
大熊猫,外伤,RELATED_TO,D:\panda\docs\熊猫知识\【熊猫知识】疾病 - 成都大熊猫繁育研究基地.md,还会出现各种肿瘤、体内外寄生虫病和皮肤病以及外伤等，都会影响大熊猫的健康和寿命。,熊猫知识
寄生虫,熊猫蛔虫,RELATED_TO,D:\panda\docs\熊猫知识\【熊猫知识】疾病 - 成都大熊猫繁育研究基地.md,寄生虫：熊猫蛔虫、蜱（p）、螨等,熊猫知识
大肠杆菌,腹泻,RELATED_TO,D:\panda\docs\熊猫知识\【熊猫知识】疾病 - 成都大熊猫繁育研究基地.md,感染性疾病：由大肠杆菌引起的腹泻、出血性肠炎，由犬瘟热病毒引起的熊猫犬瘟热病，细小病毒感染，真菌感染等,熊猫知识
大肠杆菌,出血性肠炎,RELATED_TO,D:\panda\docs\熊猫知识\【熊猫知识】疾病 - 成都大熊猫繁育研究基地.md,感染性疾病：由大肠杆菌引起的腹泻、出血性肠炎，由犬瘟热病毒引起的熊猫犬瘟热病，细小病毒感染，真菌感染等,熊猫知识
犬瘟热病毒,熊猫犬瘟热病,RELATED_TO,D:\panda\docs\熊猫知识\【熊猫知识】疾病 - 成都大熊猫繁育研究基地.md,感染性疾病：由大肠杆菌引起的腹泻、出血性肠炎，由犬瘟热病毒引起的熊猫犬瘟热病，细小病毒感染，真菌感染等,熊猫知识
感染性疾病,细小病毒感染,RELATED_TO,D:\panda\docs\熊猫知识\【熊猫知识】疾病 - 成都大熊猫繁育研究基地.md,感染性疾病：由大肠杆菌引起的腹泻、出血性肠炎，由犬瘟热病毒引起的熊猫犬瘟热病，细小病毒感染，真菌感染等,熊猫知识
感染性疾病,真菌感染,RELATED_TO,D:\panda\docs\熊猫知识\【熊猫知识】疾病 - 成都大熊猫繁育研究基地.md,感染性疾病：由大肠杆菌引起的腹泻、出血性肠炎，由犬瘟热病毒引起的熊猫犬瘟热病，细小病毒感染，真菌感染等,熊猫知识
消化系统疾病,急性胃肠炎,RELATED_TO,D:\panda\docs\熊猫知识\【熊猫知识】疾病 - 成都大熊猫繁育研究基地.md,消化系统疾病：急性胃肠炎、呕吐、腹泻、便血、口炎、龋齿、肠梗阻、肠扭转、胃及十二指肠溃疡、肝部病变等。,熊猫知识
消化系统疾病,呕吐,RELATED_TO,D:\panda\docs\熊猫知识\【熊猫知识】疾病 - 成都大熊猫繁育研究基地.md,消化系统疾病：急性胃肠炎、呕吐、腹泻、便血、口炎、龋齿、肠梗阻、肠扭转、胃及十二指肠溃疡、肝部病变等。,熊猫知识
消化系统疾病,腹泻,RELATED_TO,D:\panda\docs\熊猫知识\【熊猫知识】疾病 - 成都大熊猫繁育研究基地.md,消化系统疾病：急性胃肠炎、呕吐、腹泻、便血、口炎、龋齿、肠梗阻、肠扭转、胃及十二指肠溃疡、肝部病变等。,熊猫知识
消化系统疾病,便血,RELATED_TO,D:\panda\docs\熊猫知识\【熊猫知识】疾病 - 成都大熊猫繁育研究基地.md,消化系统疾病：急性胃肠炎、呕吐、腹泻、便血、口炎、龋齿、肠梗阻、肠扭转、胃及十二指肠溃疡、肝部病变等。,熊猫知识
消化系统疾病,口炎,RELATED_TO,D:\panda\docs\熊猫知识\【熊猫知识】疾病 - 成都大熊猫繁育研究基地.md,消化系统疾病：急性胃肠炎、呕吐、腹泻、便血、口炎、龋齿、肠梗阻、肠扭转、胃及十二指肠溃疡、肝部病变等。,熊猫知识
消化系统疾病,龋齿,RELATED_TO,D:\panda\docs\熊猫知识\【熊猫知识】疾病 - 成都大熊猫繁育研究基地.md,消化系统疾病：急性胃肠炎、呕吐、腹泻、便血、口炎、龋齿、肠梗阻、肠扭转、胃及十二指肠溃疡、肝部病变等。,熊猫知识
消化系统疾病,肠梗阻,RELATED_TO,D:\panda\docs\熊猫知识\【熊猫知识】疾病 - 成都大熊猫繁育研究基地.md,消化系统疾病：急性胃肠炎、呕吐、腹泻、便血、口炎、龋齿、肠梗阻、肠扭转、胃及十二指肠溃疡、肝部病变等。,熊猫知识
消化系统疾病,肠扭转,RELATED_TO,D:\panda\docs\熊猫知识\【熊猫知识】疾病 - 成都大熊猫繁育研究基地.md,消化系统疾病：急性胃肠炎、呕吐、腹泻、便血、口炎、龋齿、肠梗阻、肠扭转、胃及十二指肠溃疡、肝部病变等。,熊猫知识
消化系统疾病,胃及十二指肠溃疡,RELATED_TO,D:\panda\docs\熊猫知识\【熊猫知识】疾病 - 成都大熊猫繁育研究基地.md,消化系统疾病：急性胃肠炎、呕吐、腹泻、便血、口炎、龋齿、肠梗阻、肠扭转、胃及十二指肠溃疡、肝部病变等。,熊猫知识
消化系统疾病,肝部病变,RELATED_TO,D:\panda\docs\熊猫知识\【熊猫知识】疾病 - 成都大熊猫繁育研究基地.md,消化系统疾病：急性胃肠炎、呕吐、腹泻、便血、口炎、龋齿、肠梗阻、肠扭转、胃及十二指肠溃疡、肝部病变等。,熊猫知识
呼吸系统疾病,感冒,RELATED_TO,D:\panda\docs\熊猫知识\【熊猫知识】疾病 - 成都大熊猫繁育研究基地.md,呼吸系统疾病：感冒、支气管炎、肺炎等,熊猫知识
呼吸系统疾病,支气管炎,RELATED_TO,D:\panda\docs\熊猫知识\【熊猫知识】疾病 - 成都大熊猫繁育研究基地.md,呼吸系统疾病：感冒、支气管炎、肺炎等,熊猫知识
呼吸系统疾病,肺炎,RELATED_TO,D:\panda\docs\熊猫知识\【熊猫知识】疾病 - 成都大熊猫繁育研究基地.md,呼吸系统疾病：感冒、支气管炎、肺炎等,熊猫知识
泌尿系统疾病,肾炎,RELATED_TO,D:\panda\docs\熊猫知识\【熊猫知识】疾病 - 成都大熊猫繁育研究基地.md,泌尿系统疾病：肾炎、肾衰竭,熊猫知识
泌尿系统疾病,肾衰竭,RELATED_TO,D:\panda\docs\熊猫知识\【熊猫知识】疾病 - 成都大熊猫繁育研究基地.md,泌尿系统疾病：肾炎、肾衰竭,熊猫知识
神经系统疾病,癫痫病,RELATED_TO,D:\panda\docs\熊猫知识\【熊猫知识】疾病 - 成都大熊猫繁育研究基地.md,神经系统疾病：癫痫病,熊猫知识
营养代谢,营养不良综合征,RELATED_TO,D:\panda\docs\熊猫知识\【熊猫知识】疾病 - 成都大熊猫繁育研究基地.md,营养代谢：营养不良综合征、腹水、低血糖、糖尿病、甲状腺功能减退、过敏、中暑,熊猫知识
营养代谢,腹水,RELATED_TO,D:\panda\docs\熊猫知识\【熊猫知识】疾病 - 成都大熊猫繁育研究基地.md,营养代谢：营养不良综合征、腹水、低血糖、糖尿病、甲状腺功能减退、过敏、中暑,熊猫知识
营养代谢,低血糖,RELATED_TO,D:\panda\docs\熊猫知识\【熊猫知识】疾病 - 成都大熊猫繁育研究基地.md,营养代谢：营养不良综合征、腹水、低血糖、糖尿病、甲状腺功能减退、过敏、中暑,熊猫知识
营养代谢,糖尿病,RELATED_TO,D:\panda\docs\熊猫知识\【熊猫知识】疾病 - 成都大熊猫繁育研究基地.md,营养代谢：营养不良综合征、腹水、低血糖、糖尿病、甲状腺功能减退、过敏、中暑,熊猫知识
营养代谢,甲状腺功能减退,RELATED_TO,D:\panda\docs\熊猫知识\【熊猫知识】疾病 - 成都大熊猫繁育研究基地.md,营养代谢：营养不良综合征、腹水、低血糖、糖尿病、甲状腺功能减退、过敏、中暑,熊猫知识
营养代谢,过敏,RELATED_TO,D:\panda\docs\熊猫知识\【熊猫知识】疾病 - 成都大熊猫繁育研究基地.md,营养代谢：营养不良综合征、腹水、低血糖、糖尿病、甲状腺功能减退、过敏、中暑,熊猫知识
营养代谢,中暑,RELATED_TO,D:\panda\docs\熊猫知识\【熊猫知识】疾病 - 成都大熊猫繁育研究基地.md,营养代谢：营养不良综合征、腹水、低血糖、糖尿病、甲状腺功能减退、过敏、中暑,熊猫知识
造血系统疾病,溶血性贫血,RELATED_TO,D:\panda\docs\熊猫知识\【熊猫知识】疾病 - 成都大熊猫繁育研究基地.md,造血系统疾病：溶血性贫血、心包炎、动脉硬化,熊猫知识
造血系统疾病,心包炎,RELATED_TO,D:\panda\docs\熊猫知识\【熊猫知识】疾病 - 成都大熊猫繁育研究基地.md,造血系统疾病：溶血性贫血、心包炎、动脉硬化,熊猫知识
造血系统疾病,动脉硬化,RELATED_TO,D:\panda\docs\熊猫知识\【熊猫知识】疾病 - 成都大熊猫繁育研究基地.md,造血系统疾病：溶血性贫血、心包炎、动脉硬化,熊猫知识
雌性大熊猫,5岁左右,RELATED_TO,D:\panda\docs\熊猫知识\【熊猫知识】繁殖 - 成都大熊猫繁育研究基地.md,圈养条件下雌性大熊猫5岁左右，雄性大熊猫6岁左右进入性成熟，野外大熊猫性成熟稍晚。,熊猫知识
雄性大熊猫,6岁左右,RELATED_TO,D:\panda\docs\熊猫知识\【熊猫知识】繁殖 - 成都大熊猫繁育研究基地.md,圈养条件下雌性大熊猫5岁左右，雄性大熊猫6岁左右进入性成熟，野外大熊猫性成熟稍晚。,熊猫知识
野外大熊猫,野外大熊猫性成熟稍晚,RELATED_TO,D:\panda\docs\熊猫知识\【熊猫知识】繁殖 - 成都大熊猫繁育研究基地.md,圈养条件下雌性大熊猫5岁左右，雄性大熊猫6岁左右进入性成熟，野外大熊猫性成熟稍晚。,熊猫知识
大熊猫,独居,RELATED_TO,D:\panda\docs\熊猫知识\【熊猫知识】繁殖 - 成都大熊猫繁育研究基地.md,大熊猫除发情配种季节外，其他时候一般是独居，各有其活动的区域。,熊猫知识
雌性大熊猫,每年一次,RELATED_TO,D:\panda\docs\熊猫知识\【熊猫知识】繁殖 - 成都大熊猫繁育研究基地.md,雌性大熊猫每年发情一次，每次发情高峰期只有短暂的2~3天，发情时期通常在在每年的3~5月。,熊猫知识
雌性大熊猫,2~3天,RELATED_TO,D:\panda\docs\熊猫知识\【熊猫知识】繁殖 - 成都大熊猫繁育研究基地.md,雌性大熊猫每年发情一次，每次发情高峰期只有短暂的2~3天，发情时期通常在在每年的3~5月。,熊猫知识
雌性大熊猫,3~5月,RELATED_TO,D:\panda\docs\熊猫知识\【熊猫知识】繁殖 - 成都大熊猫繁育研究基地.md,雌性大熊猫每年发情一次，每次发情高峰期只有短暂的2~3天，发情时期通常在在每年的3~5月。,熊猫知识
成年雌雄大熊猫,气味标记,RELATED_TO,D:\panda\docs\熊猫知识\【熊猫知识】繁殖 - 成都大熊猫繁育研究基地.md,成年雌雄大熊猫相互间主要通过气味嗅觉（通过留下气味标记和嗅闻标记）的通讯方式逐渐聚集在一个地方并相互了解、相互吸引,熊猫知识
成年雌雄大熊猫,嗅闻标记,RELATED_TO,D:\panda\docs\熊猫知识\【熊猫知识】繁殖 - 成都大熊猫繁育研究基地.md,成年雌雄大熊猫相互间主要通过气味嗅觉（通过留下气味标记和嗅闻标记）的通讯方式逐渐聚集在一个地方并相互了解、相互吸引,熊猫知识
成年雌雄大熊猫,咩叫声,RELATED_TO,D:\panda\docs\熊猫知识\【熊猫知识】繁殖 - 成都大熊猫繁育研究基地.md,到发情高潮时相互间通过连续不断的咩叫声以及待配姿势等听觉、视觉通讯方式表达爱意并达成配对交配。,熊猫知识
成年雌雄大熊猫,待配姿势,RELATED_TO,D:\panda\docs\熊猫知识\【熊猫知识】繁殖 - 成都大熊猫繁育研究基地.md,到发情高潮时相互间通过连续不断的咩叫声以及待配姿势等听觉、视觉通讯方式表达爱意并达成配对交配。,熊猫知识
雄性大熊猫,2~5只,RELATED_TO,D:\panda\docs\熊猫知识\【熊猫知识】繁殖 - 成都大熊猫繁育研究基地.md,在大熊猫野外交配场地，有时有多达2~5只雄性大熊猫通过打斗竞争优先交配权,熊猫知识
雄性大熊猫,同一雌性大熊猫,RELATED_TO,D:\panda\docs\熊猫知识\【熊猫知识】繁殖 - 成都大熊猫繁育研究基地.md,在大熊猫野外交配场地，有时有多达2~5只雄性大熊猫通过打斗竞争优先交配权，并先后都与同一雌性大熊猫成功交配的情况,熊猫知识
大熊猫,地上,RELATED_TO,D:\panda\docs\熊猫知识\【熊猫知识】繁殖 - 成都大熊猫繁育研究基地.md,交配多在地上，也有在树上进行。,熊猫知识
大熊猫,树上,RELATED_TO,D:\panda\docs\熊猫知识\【熊猫知识】繁殖 - 成都大熊猫繁育研究基地.md,交配多在地上，也有在树上进行。,熊猫知识
亚成年大熊猫,观摩学习,RELATED_TO,D:\panda\docs\熊猫知识\【熊猫知识】繁殖 - 成都大熊猫繁育研究基地.md,在交配现场也有亚成年以及交配能力弱的大熊猫在旁观摩学习。,熊猫知识
交配能力弱的大熊猫,观摩学习,RELATED_TO,D:\panda\docs\熊猫知识\【熊猫知识】繁殖 - 成都大熊猫繁育研究基地.md,在交配现场也有亚成年以及交配能力弱的大熊猫在旁观摩学习。,熊猫知识
雄性大熊猫发情行为,雌性大熊猫发情行为,RELATED_TO,D:\panda\docs\熊猫知识\【熊猫知识】繁殖 - 成都大熊猫繁育研究基地.md,雄性大熊猫的发情行为随雌性大熊猫的发情行为发生而发生，也随其达高潮而达高潮。,熊猫知识
大熊猫,多雄多雌制,RELATED_TO,D:\panda\docs\熊猫知识\【熊猫知识】繁殖 - 成都大熊猫繁育研究基地.md,在同一发情季节，一只雄性大熊猫可与多只雌性大熊猫交配，同样一只雌性大熊猫也可接受多只雄性的交配，因此在大熊猫世界的婚姻是多雄多雌制。,熊猫知识
妊娠、分娩和育幼,雌性大熊猫独自完成,RELATED_TO,D:\panda\docs\熊猫知识\【熊猫知识】繁殖 - 成都大熊猫繁育研究基地.md,交配完成后雌雄大熊猫再次分开单独生活，妊娠、分娩和育幼等工作由雌性大熊猫独自完成。,熊猫知识
大熊猫,一年半到两年,RELATED_TO,D:\panda\docs\熊猫知识\【熊猫知识】育幼生长 - 成都大熊猫繁育研究基地.md,大熊猫妈妈通常需要一年半到两年的时间来照顾她的孩子。,熊猫知识
大熊猫,隔年,RELATED_TO,D:\panda\docs\熊猫知识\【熊猫知识】育幼生长 - 成都大熊猫繁育研究基地.md,大熊猫一般是隔年产子。,熊猫知识
大熊猫,83~200余天,RELATED_TO,D:\panda\docs\熊猫知识\【熊猫知识】育幼生长 - 成都大熊猫繁育研究基地.md,大熊猫妊娠期为83~200余天，甚至出现了324天的特例。,熊猫知识
大熊猫,324天,RELATED_TO,D:\panda\docs\熊猫知识\【熊猫知识】育幼生长 - 成都大熊猫繁育研究基地.md,甚至出现了324天的特例。,熊猫知识
大熊猫幼仔,7~9月,RELATED_TO,D:\panda\docs\熊猫知识\【熊猫知识】育幼生长 - 成都大熊猫繁育研究基地.md,幼子通常在7~9月出生,熊猫知识
大熊猫幼仔,树洞,RELATED_TO,D:\panda\docs\熊猫知识\【熊猫知识】育幼生长 - 成都大熊猫繁育研究基地.md,出生的巢穴通常是一个隐蔽的树洞，或天然的岩洞,熊猫知识
大熊猫幼仔,岩洞,RELATED_TO,D:\panda\docs\熊猫知识\【熊猫知识】育幼生长 - 成都大熊猫繁育研究基地.md,出生的巢穴通常是一个隐蔽的树洞，或天然的岩洞,熊猫知识
大熊猫妈妈,树枝和干草,RELATED_TO,D:\panda\docs\熊猫知识\【熊猫知识】育幼生长 - 成都大熊猫繁育研究基地.md,里面有大熊猫妈妈精心铺垫的树枝和干草。,熊猫知识
大熊猫幼仔,不同叫声对应不同生理需求（索食、排便、温度不适等）,RELATED_TO,D:\panda\docs\熊猫知识\【熊猫知识】育幼生长 - 成都大熊猫繁育研究基地.md,大熊猫育幼期间，幼仔的叫声是母仔间联系非常重要的通讯工具，幼仔想吃奶、想排便、受冷或过热或其他原因的不适，幼仔都通过不同叫声提醒妈妈满足其不同需要。,熊猫知识
大熊猫妈妈,舔会阴部,RELATED_TO,D:\panda\docs\熊猫知识\【熊猫知识】育幼生长 - 成都大熊猫繁育研究基地.md,由于新生儿还没有自主排出大、小便的能力，熊猫妈妈会用舌头舔新生儿的会阴部，有效地刺激他们排便。,熊猫知识
大熊猫妈妈,忽视或拒绝较弱双胞胎幼仔,RELATED_TO,D:\panda\docs\熊猫知识\【熊猫知识】育幼生长 - 成都大熊猫繁育研究基地.md,在野外，如果出生的是双胞胎……大熊猫妈妈通常会忽视或拒绝较弱的一个，这能保证至少一只成活。,熊猫知识
圈养大熊猫管理方,换仔技术,RELATED_TO,D:\panda\docs\熊猫知识\【熊猫知识】育幼生长 - 成都大熊猫繁育研究基地.md,在圈养情况下会通过人工饲养并采用换仔技术，让两个宝宝都有吃母乳和从妈妈身上学习行为技能的机会,熊猫知识
大熊猫,一岁半,RELATED_TO,D:\panda\docs\熊猫知识\【熊猫知识】育幼生长 - 成都大熊猫繁育研究基地.md,一岁半前为幼年阶段。,熊猫知识
大熊猫幼仔,120克,RELATED_TO,D:\panda\docs\熊猫知识\【熊猫知识】育幼生长 - 成都大熊猫繁育研究基地.md,刚出生：初生幼仔体重仅仅是母亲体重的1%，平均体重仅120克左右，最轻的为42.8克，最重的为225克。,熊猫知识
大熊猫幼仔,42.8克,RELATED_TO,D:\panda\docs\熊猫知识\【熊猫知识】育幼生长 - 成都大熊猫繁育研究基地.md,最轻的为42.8克，最重的为225克。,熊猫知识
大熊猫幼仔,225克,RELATED_TO,D:\panda\docs\熊猫知识\【熊猫知识】育幼生长 - 成都大熊猫繁育研究基地.md,最轻的为42.8克，最重的为225克。,熊猫知识
大熊猫幼仔,1~2公斤,RELATED_TO,D:\panda\docs\熊猫知识\【熊猫知识】育幼生长 - 成都大熊猫繁育研究基地.md,一个月：体重1~2公斤。,熊猫知识
大熊猫幼仔,六到八周,RELATED_TO,D:\panda\docs\熊猫知识\【熊猫知识】育幼生长 - 成都大熊猫繁育研究基地.md,六到八周：可以睁眼。,熊猫知识
大熊猫幼仔,三个月,RELATED_TO,D:\panda\docs\熊猫知识\【熊猫知识】育幼生长 - 成都大熊猫繁育研究基地.md,三个月：可以慢慢地爬动了。,熊猫知识
大熊猫幼仔,半岁,RELATED_TO,D:\panda\docs\熊猫知识\【熊猫知识】育幼生长 - 成都大熊猫繁育研究基地.md,半岁：可以自由行走，开始学吃竹子。,熊猫知识
大熊猫幼仔,学吃竹子,RELATED_TO,D:\panda\docs\熊猫知识\【熊猫知识】育幼生长 - 成都大熊猫繁育研究基地.md,半岁：可以自由行走，开始学吃竹子。,熊猫知识
大熊猫幼仔,一岁,RELATED_TO,D:\panda\docs\熊猫知识\【熊猫知识】育幼生长 - 成都大熊猫繁育研究基地.md,一岁：开始长出恒牙。,熊猫知识
大熊猫幼仔,一岁半,RELATED_TO,D:\panda\docs\熊猫知识\【熊猫知识】育幼生长 - 成都大熊猫繁育研究基地.md,一岁半：离开母亲，独立生活。,熊猫知识
大熊猫,1~3岁,RELATED_TO,D:\panda\docs\熊猫知识\【熊猫知识】育幼生长 - 成都大熊猫繁育研究基地.md,亚成年：一岁半到性成熟前为亚成年阶段……大熊猫在1~3岁期间是最为活跃的时期，每天除了采食外，大部分时间都在玩耍、探索和爬树。,熊猫知识
大熊猫,玩耍,RELATED_TO,D:\panda\docs\熊猫知识\【熊猫知识】育幼生长 - 成都大熊猫繁育研究基地.md,每天除了采食外，大部分时间都在玩耍、探索和爬树。,熊猫知识
大熊猫,探索,RELATED_TO,D:\panda\docs\熊猫知识\【熊猫知识】育幼生长 - 成都大熊猫繁育研究基地.md,每天除了采食外，大部分时间都在玩耍、探索和爬树。,熊猫知识
大熊猫,爬树,RELATED_TO,D:\panda\docs\熊猫知识\【熊猫知识】育幼生长 - 成都大熊猫繁育研究基地.md,每天除了采食外，大部分时间都在玩耍、探索和爬树。,熊猫知识
大熊猫幼仔,寻找食物和水源,RELATED_TO,D:\panda\docs\熊猫知识\【熊猫知识】育幼生长 - 成都大熊猫繁育研究基地.md,大熊猫幼仔能从它们的妈妈那里学到很多东西：比如怎样寻找食物和水源，怎样躲避天敌，抵御疾病，怎样谈情说爱，生儿育女，怎样成为一只真正的大熊猫。,熊猫知识
大熊猫幼仔,躲避天敌,RELATED_TO,D:\panda\docs\熊猫知识\【熊猫知识】育幼生长 - 成都大熊猫繁育研究基地.md,大熊猫幼仔能从它们的妈妈那里学到很多东西：比如怎样寻找食物和水源，怎样躲避天敌，抵御疾病，怎样谈情说爱，生儿育女，怎样成为一只真正的大熊猫。,熊猫知识
大熊猫幼仔,抵御疾病,RELATED_TO,D:\panda\docs\熊猫知识\【熊猫知识】育幼生长 - 成都大熊猫繁育研究基地.md,大熊猫幼仔能从它们的妈妈那里学到很多东西：比如怎样寻找食物和水源，怎样躲避天敌，抵御疾病，怎样谈情说爱，生儿育女，怎样成为一只真正的大熊猫。,熊猫知识
大熊猫幼仔,谈情说爱,RELATED_TO,D:\panda\docs\熊猫知识\【熊猫知识】育幼生长 - 成都大熊猫繁育研究基地.md,大熊猫幼仔能从它们的妈妈那里学到很多东西：比如怎样寻找食物和水源，怎样躲避天敌，抵御疾病，怎样谈情说爱，生儿育女，怎样成为一只真正的大熊猫。,熊猫知识
大熊猫幼仔,生儿育女,RELATED_TO,D:\panda\docs\熊猫知识\【熊猫知识】育幼生长 - 成都大熊猫繁育研究基地.md,大熊猫幼仔能从它们的妈妈那里学到很多东西：比如怎样寻找食物和水源，怎样躲避天敌，抵御疾病，怎样谈情说爱，生儿育女，怎样成为一只真正的大熊猫。,熊猫知识
大熊猫幼仔,与母亲长时间共处,RELATED_TO,D:\panda\docs\熊猫知识\【熊猫知识】育幼生长 - 成都大熊猫繁育研究基地.md,这也几乎是大熊猫一生中唯一一次和另外一只大熊猫长时间共处，也几乎是唯一一次学习机会。,熊猫知识
大熊猫,栖息地大量丧失且高度破碎,RELATED_TO,D:\panda\docs\熊猫知识\【熊猫知识】致危因素 - 成都大熊猫繁育研究基地.md,大熊猫的分布区及种群数量日益缩减，最重要的原因是栖息地大量丧失，而且高度破碎（即相互隔离成孤岛状）。,熊猫知识
大熊猫,迁徙寻找其他竹子食用,RELATED_TO,D:\panda\docs\熊猫知识\【熊猫知识】致危因素 - 成都大熊猫繁育研究基地.md,竹子开花本不应该威胁到大熊猫的生存，各种竹子有着不同的开花周期，当其中一种开花，大熊猫还可以迁徙寻找其他竹子食用,熊猫知识
刻板行为,圈养条件,RELATED_TO,D:\panda\docs\熊猫知识\【熊猫知识】行为富化 - 成都大熊猫繁育研究基地.md,刻板行为是野外没有，而在圈养条件下出现的，不属于该物种的一些重复、毫无意义的行为。,熊猫知识
大熊猫的刻板行为,兽舍,RELATED_TO,D:\panda\docs\熊猫知识\【熊猫知识】行为富化 - 成都大熊猫繁育研究基地.md,大熊猫的刻板行为可能是在兽舍里不停地走来走去，摇晃脑袋等。,熊猫知识
大熊猫的刻板行为,不停地走来走去,RELATED_TO,D:\panda\docs\熊猫知识\【熊猫知识】行为富化 - 成都大熊猫繁育研究基地.md,大熊猫的刻板行为可能是在兽舍里不停地走来走去，摇晃脑袋等。,熊猫知识
大熊猫的刻板行为,摇晃脑袋,RELATED_TO,D:\panda\docs\熊猫知识\【熊猫知识】行为富化 - 成都大熊猫繁育研究基地.md,大熊猫的刻板行为可能是在兽舍里不停地走来走去，摇晃脑袋等。,熊猫知识
大熊猫的刻板行为,环境丰容,RELATED_TO,D:\panda\docs\熊猫知识\【熊猫知识】行为富化 - 成都大熊猫繁育研究基地.md,为了大熊猫的身体和心理健康，减少刻板行为，我们向它们提供了各种各样的环境丰容和行为丰容。,熊猫知识
大熊猫的刻板行为,行为丰容,RELATED_TO,D:\panda\docs\熊猫知识\【熊猫知识】行为富化 - 成都大熊猫繁育研究基地.md,为了大熊猫的身体和心理健康，减少刻板行为，我们向它们提供了各种各样的环境丰容和行为丰容。,熊猫知识
环境丰容,构建和改变圈养动物的生活环境,RELATED_TO,D:\panda\docs\熊猫知识\【熊猫知识】行为富化 - 成都大熊猫繁育研究基地.md,丰容是指通过构建和改变圈养动物的生活环境，改进喂食策略，使动物表现出正常的行为，为动物提供更多的选择机会，提高它们的生活质量。,熊猫知识
行为丰容,改进喂食策略,RELATED_TO,D:\panda\docs\熊猫知识\【熊猫知识】行为富化 - 成都大熊猫繁育研究基地.md,丰容是指通过构建和改变圈养动物的生活环境，改进喂食策略，使动物表现出正常的行为，为动物提供更多的选择机会，提高它们的生活质量。,熊猫知识
大熊猫,睡觉,RELATED_TO,D:\panda\docs\熊猫知识\【熊猫知识】行为特点 - 成都大熊猫繁育研究基地.md,大熊猫每天除去一半进食的时间，剩下的一半时间多数便是在睡梦中度过。,熊猫知识
大熊猫,2~4个小时,RELATED_TO,D:\panda\docs\熊猫知识\【熊猫知识】行为特点 - 成都大熊猫繁育研究基地.md,在野外，大熊猫在每两次进食的中间睡2~4个小时,熊猫知识
大熊猫,平躺,RELATED_TO,D:\panda\docs\熊猫知识\【熊猫知识】行为特点 - 成都大熊猫繁育研究基地.md,平躺、侧躺、俯卧、伸展或蜷成一团都是它们喜好的睡觉方式。,熊猫知识
大熊猫,侧躺,RELATED_TO,D:\panda\docs\熊猫知识\【熊猫知识】行为特点 - 成都大熊猫繁育研究基地.md,平躺、侧躺、俯卧、伸展或蜷成一团都是它们喜好的睡觉方式。,熊猫知识
大熊猫,俯卧,RELATED_TO,D:\panda\docs\熊猫知识\【熊猫知识】行为特点 - 成都大熊猫繁育研究基地.md,平躺、侧躺、俯卧、伸展或蜷成一团都是它们喜好的睡觉方式。,熊猫知识
大熊猫,伸展,RELATED_TO,D:\panda\docs\熊猫知识\【熊猫知识】行为特点 - 成都大熊猫繁育研究基地.md,平躺、侧躺、俯卧、伸展或蜷成一团都是它们喜好的睡觉方式。,熊猫知识
大熊猫,蜷成一团,RELATED_TO,D:\panda\docs\熊猫知识\【熊猫知识】行为特点 - 成都大熊猫繁育研究基地.md,平躺、侧躺、俯卧、伸展或蜷成一团都是它们喜好的睡觉方式。,熊猫知识
大熊猫,腿撑在树上并用手遮住眼睛,RELATED_TO,D:\panda\docs\熊猫知识\【熊猫知识】行为特点 - 成都大熊猫繁育研究基地.md,他们最喜欢的姿势便是腿撑在树上，并用手遮住眼睛。,熊猫知识
大熊猫,内八字慢吞吞的行走方式,RELATED_TO,D:\panda\docs\熊猫知识\【熊猫知识】行为特点 - 成都大熊猫繁育研究基地.md,大熊猫最可爱的特点是它那胖嘟嘟的身体和他那内八字慢吞吞的行走方式。,熊猫知识
大熊猫,保存能量,RELATED_TO,D:\panda\docs\熊猫知识\【熊猫知识】行为特点 - 成都大熊猫繁育研究基地.md,正是它这种慢吞吞的动作使它能够保存能量，以适应低能量的食物。,熊猫知识
大熊猫,低能量的食物,RELATED_TO,D:\panda\docs\熊猫知识\【熊猫知识】行为特点 - 成都大熊猫繁育研究基地.md,正是它这种慢吞吞的动作使它能够保存能量，以适应低能量的食物。,熊猫知识
大熊猫,侦察情况,RELATED_TO,D:\panda\docs\熊猫知识\【熊猫知识】行为特点 - 成都大熊猫繁育研究基地.md,它们有时候也会爬树侦察情况，逃避入侵者，或是打盹。,熊猫知识
大熊猫,逃避入侵者,RELATED_TO,D:\panda\docs\熊猫知识\【熊猫知识】行为特点 - 成都大熊猫繁育研究基地.md,它们有时候也会爬树侦察情况，逃避入侵者，或是打盹。,熊猫知识
大熊猫,打盹,RELATED_TO,D:\panda\docs\熊猫知识\【熊猫知识】行为特点 - 成都大熊猫繁育研究基地.md,它们有时候也会爬树侦察情况，逃避入侵者，或是打盹。,熊猫知识
大熊猫,临近求婚期,RELATED_TO,D:\panda\docs\熊猫知识\【熊猫知识】行为特点 - 成都大熊猫繁育研究基地.md,爬树的行为一般是临近求婚期，或逃避危险，或彼此相遇时弱者借以回避强者的一种方式。,熊猫知识
大熊猫,逃避危险,RELATED_TO,D:\panda\docs\熊猫知识\【熊猫知识】行为特点 - 成都大熊猫繁育研究基地.md,爬树的行为一般是临近求婚期，或逃避危险，或彼此相遇时弱者借以回避强者的一种方式。,熊猫知识
大熊猫,彼此相遇时弱者回避强者,RELATED_TO,D:\panda\docs\熊猫知识\【熊猫知识】行为特点 - 成都大熊猫繁育研究基地.md,爬树的行为一般是临近求婚期，或逃避危险，或彼此相遇时弱者借以回避强者的一种方式。,熊猫知识
大熊猫,山谷,RELATED_TO,D:\panda\docs\熊猫知识\【熊猫知识】行为特点 - 成都大熊猫繁育研究基地.md,熊猫有时还下到山谷，串入到山村小寨或住宅，把锅盆桶具，尤其是圆形的器皿当成玩具，玩耍后弃置山野。,熊猫知识
大熊猫,山村小寨,RELATED_TO,D:\panda\docs\熊猫知识\【熊猫知识】行为特点 - 成都大熊猫繁育研究基地.md,熊猫有时还下到山谷，串入到山村小寨或住宅，把锅盆桶具，尤其是圆形的器皿当成玩具，玩耍后弃置山野。,熊猫知识
大熊猫,住宅,RELATED_TO,D:\panda\docs\熊猫知识\【熊猫知识】行为特点 - 成都大熊猫繁育研究基地.md,熊猫有时还下到山谷，串入到山村小寨或住宅，把锅盆桶具，尤其是圆形的器皿当成玩具，玩耍后弃置山野。,熊猫知识
大熊猫,把锅盆桶具尤其是圆形器皿当玩具,RELATED_TO,D:\panda\docs\熊猫知识\【熊猫知识】行为特点 - 成都大熊猫繁育研究基地.md,熊猫有时还下到山谷，串入到山村小寨或住宅，把锅盆桶具，尤其是圆形的器皿当成玩具，玩耍后弃置山野。,熊猫知识
大熊猫,温顺,RELATED_TO,D:\panda\docs\熊猫知识\【熊猫知识】行为特点 - 成都大熊猫繁育研究基地.md,通常情况下，大熊猫性情总是十分温顺，好似闺阁深院的淑女，初次见人，常用前掌蒙面，或把头低下，不露真容。,熊猫知识
大熊猫,用前掌蒙面,RELATED_TO,D:\panda\docs\熊猫知识\【熊猫知识】行为特点 - 成都大熊猫繁育研究基地.md,通常情况下，大熊猫性情总是十分温顺，好似闺阁深院的淑女，初次见人，常用前掌蒙面，或把头低下，不露真容。,熊猫知识
大熊猫,把头低下,RELATED_TO,D:\panda\docs\熊猫知识\【熊猫知识】行为特点 - 成都大熊猫繁育研究基地.md,通常情况下，大熊猫性情总是十分温顺，好似闺阁深院的淑女，初次见人，常用前掌蒙面，或把头低下，不露真容。,熊猫知识
大熊猫,回避,RELATED_TO,D:\panda\docs\熊猫知识\【熊猫知识】行为特点 - 成都大熊猫繁育研究基地.md,它们很少主动地攻击其他动物或人，在野外偶然相遇时，总是采用回避的方式。,熊猫知识
雌性大熊猫,张牙舞爪,RELATED_TO,D:\panda\docs\熊猫知识\【熊猫知识】行为特点 - 成都大熊猫繁育研究基地.md,但一但当上了妈妈，其小宝贝就是神圣不可侵犯的，即便是关怀看望，也会惹怒母亲大动肝火，张牙舞爪，动手动脚。,熊猫知识
雌性大熊猫,动手动脚,RELATED_TO,D:\panda\docs\熊猫知识\【熊猫知识】行为特点 - 成都大熊猫繁育研究基地.md,但一但当上了妈妈，其小宝贝就是神圣不可侵犯的，即便是关怀看望，也会惹怒母亲大动肝火，张牙舞爪，动手动脚。,熊猫知识
大熊猫,把身体伸直前身伸展后半身抬起,RELATED_TO,D:\panda\docs\熊猫知识\【熊猫知识】行为特点 - 成都大熊猫繁育研究基地.md,可以象猫一样把身体伸直，前身伸展，后半身抬起，让身躯灵活舒展，或睡醒以后，前肢直伸打哈欠。,熊猫知识
大熊猫,打哈欠,RELATED_TO,D:\panda\docs\熊猫知识\【熊猫知识】行为特点 - 成都大熊猫繁育研究基地.md,可以象猫一样把身体伸直，前身伸展，后半身抬起，让身躯灵活舒展，或睡醒以后，前肢直伸打哈欠。,熊猫知识
大熊猫,抖水,RELATED_TO,D:\panda\docs\熊猫知识\【熊猫知识】行为特点 - 成都大熊猫繁育研究基地.md,如果被水沾湿或过河涉水后，也可以象狗一样把身上的水抖掉。,熊猫知识
大熊猫,发情季节,RELATED_TO,D:\panda\docs\熊猫知识\【熊猫知识】行为特点 - 成都大熊猫繁育研究基地.md,在野外，大熊猫通常在发情季节发生冲突，特别是当三到四只雄性追求一只发情的雌性时。,熊猫知识
大熊猫,三到四只雄性追求一只发情雌性,RELATED_TO,D:\panda\docs\熊猫知识\【熊猫知识】行为特点 - 成都大熊猫繁育研究基地.md,在野外，大熊猫通常在发情季节发生冲突，特别是当三到四只雄性追求一只发情的雌性时。,熊猫知识
大熊猫,食物,RELATED_TO,D:\panda\docs\熊猫知识\【熊猫知识】行为特点 - 成都大熊猫繁育研究基地.md,在动物园，它们的争斗通常是因为水，食物或某只大熊猫占据了好的地盘。,熊猫知识
大熊猫,占据好的地盘,RELATED_TO,D:\panda\docs\熊猫知识\【熊猫知识】行为特点 - 成都大熊猫繁育研究基地.md,在动物园，它们的争斗通常是因为水，食物或某只大熊猫占据了好的地盘。,熊猫知识
大熊猫,800万年,RELATED_TO,D:\panda\docs\熊猫知识\【熊猫知识】认识大熊猫 - 成都大熊猫繁育研究基地.md,大熊猫已在地球上生存了至少800万年,熊猫知识
大熊猫,大熊猫,RELATED_TO,D:\panda\docs\熊猫知识\【熊猫知识】认识大熊猫 - 成都大熊猫繁育研究基地.md,被誉为“活化石”和“中国国宝”,熊猫知识
佳佳,1978年,RELATED_TO,D:\panda\docs\熊猫知识\【熊猫知识】认识大熊猫 - 成都大熊猫繁育研究基地.md,香港海洋公园的佳佳，出生于1978年，是目前全世界最长寿的大熊猫,熊猫知识
佳佳,香港海洋公园,RELATED_TO,D:\panda\docs\熊猫知识\【熊猫知识】认识大熊猫 - 成都大熊猫繁育研究基地.md,香港海洋公园的佳佳，出生于1978年，是目前全世界最长寿的大熊猫,熊猫知识
大熊猫,竹笋,RELATED_TO,D:\panda\docs\熊猫知识\【熊猫知识】进食 - 成都大熊猫繁育研究基地.md,大熊猫不但选择区域内营养价值最好的竹子种类，而且还优先选择营养价值最高的部位。优选采食的顺序为竹笋，嫩竹，竹竿。,熊猫知识
大熊猫,嫩竹,RELATED_TO,D:\panda\docs\熊猫知识\【熊猫知识】进食 - 成都大熊猫繁育研究基地.md,优选采食的顺序为竹笋，嫩竹，竹竿。,熊猫知识
大熊猫,竹竿,RELATED_TO,D:\panda\docs\熊猫知识\【熊猫知识】进食 - 成都大熊猫繁育研究基地.md,优选采食的顺序为竹笋，嫩竹，竹竿。,熊猫知识
大熊猫,23~40kg,RELATED_TO,D:\panda\docs\熊猫知识\【熊猫知识】进食 - 成都大熊猫繁育研究基地.md,根据不同季节大熊猫采食竹子部位的不同，其每天的采食量大致如下：竹笋约23~40kg；或竹叶约10~14kg；或竹秆约17kg。,熊猫知识
大熊猫,10~14kg,RELATED_TO,D:\panda\docs\熊猫知识\【熊猫知识】进食 - 成都大熊猫繁育研究基地.md,根据不同季节大熊猫采食竹子部位的不同，其每天的采食量大致如下：竹笋约23~40kg；或竹叶约10~14kg；或竹秆约17kg。,熊猫知识
大熊猫,17kg,RELATED_TO,D:\panda\docs\熊猫知识\【熊猫知识】进食 - 成都大熊猫繁育研究基地.md,根据不同季节大熊猫采食竹子部位的不同，其每天的采食量大致如下：竹笋约23~40kg；或竹叶约10~14kg；或竹秆约17kg。,熊猫知识
大熊猫,10多个小时或更多,RELATED_TO,D:\panda\docs\熊猫知识\【熊猫知识】进食 - 成都大熊猫繁育研究基地.md,大熊猫将绝大部分的时间都花在进食和消化上，每天花10多个小时或更多时间来进食大约20公斤竹子并不稀奇。,熊猫知识
大熊猫,20公斤,RELATED_TO,D:\panda\docs\熊猫知识\【熊猫知识】进食 - 成都大熊猫繁育研究基地.md,大熊猫将绝大部分的时间都花在进食和消化上，每天花10多个小时或更多时间来进食大约20公斤竹子并不稀奇。,熊猫知识
大熊猫,夏季,RELATED_TO,D:\panda\docs\熊猫知识\【熊猫知识】进食 - 成都大熊猫繁育研究基地.md,随着气候和食物分布的变化，大熊猫还有垂直迁移习性，夏季上移高山、撵笋觅食，秋冬高山积雪则下移到中低山地区。,熊猫知识
大熊猫,高山,RELATED_TO,D:\panda\docs\熊猫知识\【熊猫知识】进食 - 成都大熊猫繁育研究基地.md,随着气候和食物分布的变化，大熊猫还有垂直迁移习性，夏季上移高山、撵笋觅食，秋冬高山积雪则下移到中低山地区。,熊猫知识
大熊猫,秋冬,RELATED_TO,D:\panda\docs\熊猫知识\【熊猫知识】进食 - 成都大熊猫繁育研究基地.md,随着气候和食物分布的变化，大熊猫还有垂直迁移习性，夏季上移高山、撵笋觅食，秋冬高山积雪则下移到中低山地区。,熊猫知识
大熊猫,中低山地区,RELATED_TO,D:\panda\docs\熊猫知识\【熊猫知识】进食 - 成都大熊猫繁育研究基地.md,随着气候和食物分布的变化，大熊猫还有垂直迁移习性，夏季上移高山、撵笋觅食，秋冬高山积雪则下移到中低山地区。,熊猫知识
大熊猫,撵笋觅食,RELATED_TO,D:\panda\docs\熊猫知识\【熊猫知识】进食 - 成都大熊猫繁育研究基地.md,夏季上移高山、撵笋觅食,熊猫知识
大熊猫,大量进食,RELATED_TO,D:\panda\docs\熊猫知识\【熊猫知识】进食 - 成都大熊猫繁育研究基地.md,大熊猫的食物在体内停留的时间短，消化速度很快，对竹类的消化利用率较低，因而采取大量进食、快速排出的方式，来保证它们吃得更多，获得足够能量以满足其需求。,熊猫知识
大熊猫,快速排出,RELATED_TO,D:\panda\docs\熊猫知识\【熊猫知识】进食 - 成都大熊猫繁育研究基地.md,大熊猫的食物在体内停留的时间短，消化速度很快，对竹类的消化利用率较低，因而采取大量进食、快速排出的方式，来保证它们吃得更多，获得足够能量以满足其需求。,熊猫知识
大熊猫,消化利用率较低,RELATED_TO,D:\panda\docs\熊猫知识\【熊猫知识】进食 - 成都大熊猫繁育研究基地.md,大熊猫的食物在体内停留的时间短，消化速度很快，对竹类的消化利用率较低,熊猫知识
大熊猫,食物在体内停留时间短,RELATED_TO,D:\panda\docs\熊猫知识\【熊猫知识】进食 - 成都大熊猫繁育研究基地.md,大熊猫的食物在体内停留的时间短，消化速度很快，对竹类的消化利用率较低,熊猫知识
大熊猫,消化速度很快,RELATED_TO,D:\panda\docs\熊猫知识\【熊猫知识】进食 - 成都大熊猫繁育研究基地.md,大熊猫的食物在体内停留的时间短，消化速度很快，对竹类的消化利用率较低,熊猫知识
大熊猫,伪拇指,RELATED_TO,D:\panda\docs\熊猫知识\【熊猫知识】进食 - 成都大熊猫繁育研究基地.md,前爪除有五趾外还演变出“伪拇指”组成对握结构以便于握竹。,熊猫知识
大熊猫,对握结构,RELATED_TO,D:\panda\docs\熊猫知识\【熊猫知识】进食 - 成都大熊猫繁育研究基地.md,前爪除有五趾外还演变出“伪拇指”组成对握结构以便于握竹。,熊猫知识
大熊猫,咬肌发达,RELATED_TO,D:\panda\docs\熊猫知识\【熊猫知识】进食 - 成都大熊猫繁育研究基地.md,咬肌、齿冠齿突发达,熊猫知识
大熊猫,齿冠齿突发达,RELATED_TO,D:\panda\docs\熊猫知识\【熊猫知识】进食 - 成都大熊猫繁育研究基地.md,咬肌、齿冠齿突发达,熊猫知识
竹类,生长发育、身体健康和正常繁育,RELATED_TO,D:\panda\docs\熊猫知识\【熊猫知识】食物 - 成都大熊猫繁育研究基地.md,竹类是大熊猫生长发育、身体健康和正常繁育的关键所在。,熊猫知识
竹类植物,12属、60多种,RELATED_TO,D:\panda\docs\熊猫知识\【熊猫知识】食物 - 成都大熊猫繁育研究基地.md,可供大熊猫食用的竹类植物共有12属、60多种。,熊猫知识
大熊猫,冷箭竹,RELATED_TO,D:\panda\docs\熊猫知识\【熊猫知识】食物 - 成都大熊猫繁育研究基地.md,野外大熊猫常见的食用竹种类包括：冷箭竹、八月竹、实竹子、筇竹、大叶筇竹、箬竹、少花箭竹、短锥玉山竹、北背玉山竹、峨热竹、巴山木竹、糙花箭竹、缺苞箭竹、华桔竹等。,熊猫知识
大熊猫,八月竹,RELATED_TO,D:\panda\docs\熊猫知识\【熊猫知识】食物 - 成都大熊猫繁育研究基地.md,野外大熊猫常见的食用竹种类包括：冷箭竹、八月竹、实竹子、筇竹、大叶筇竹、箬竹、少花箭竹、短锥玉山竹、北背玉山竹、峨热竹、巴山木竹、糙花箭竹、缺苞箭竹、华桔竹等。,熊猫知识
大熊猫,实竹子,RELATED_TO,D:\panda\docs\熊猫知识\【熊猫知识】食物 - 成都大熊猫繁育研究基地.md,野外大熊猫常见的食用竹种类包括：冷箭竹、八月竹、实竹子、筇竹、大叶筇竹、箬竹、少花箭竹、短锥玉山竹、北背玉山竹、峨热竹、巴山木竹、糙花箭竹、缺苞箭竹、华桔竹等。,熊猫知识
大熊猫,筇竹,RELATED_TO,D:\panda\docs\熊猫知识\【熊猫知识】食物 - 成都大熊猫繁育研究基地.md,野外大熊猫常见的食用竹种类包括：冷箭竹、八月竹、实竹子、筇竹、大叶筇竹、箬竹、少花箭竹、短锥玉山竹、北背玉山竹、峨热竹、巴山木竹、糙花箭竹、缺苞箭竹、华桔竹等。,熊猫知识
大熊猫,大叶筇竹,RELATED_TO,D:\panda\docs\熊猫知识\【熊猫知识】食物 - 成都大熊猫繁育研究基地.md,野外大熊猫常见的食用竹种类包括：冷箭竹、八月竹、实竹子、筇竹、大叶筇竹、箬竹、少花箭竹、短锥玉山竹、北背玉山竹、峨热竹、巴山木竹、糙花箭竹、缺苞箭竹、华桔竹等。,熊猫知识
大熊猫,箬竹,RELATED_TO,D:\panda\docs\熊猫知识\【熊猫知识】食物 - 成都大熊猫繁育研究基地.md,野外大熊猫常见的食用竹种类包括：冷箭竹、八月竹、实竹子、筇竹、大叶筇竹、箬竹、少花箭竹、短锥玉山竹、北背玉山竹、峨热竹、巴山木竹、糙花箭竹、缺苞箭竹、华桔竹等。,熊猫知识
大熊猫,少花箭竹,RELATED_TO,D:\panda\docs\熊猫知识\【熊猫知识】食物 - 成都大熊猫繁育研究基地.md,野外大熊猫常见的食用竹种类包括：冷箭竹、八月竹、实竹子、筇竹、大叶筇竹、箬竹、少花箭竹、短锥玉山竹、北背玉山竹、峨热竹、巴山木竹、糙花箭竹、缺苞箭竹、华桔竹等。,熊猫知识
大熊猫,短锥玉山竹,RELATED_TO,D:\panda\docs\熊猫知识\【熊猫知识】食物 - 成都大熊猫繁育研究基地.md,野外大熊猫常见的食用竹种类包括：冷箭竹、八月竹、实竹子、筇竹、大叶筇竹、箬竹、少花箭竹、短锥玉山竹、北背玉山竹、峨热竹、巴山木竹、糙花箭竹、缺苞箭竹、华桔竹等。,熊猫知识
大熊猫,北背玉山竹,RELATED_TO,D:\panda\docs\熊猫知识\【熊猫知识】食物 - 成都大熊猫繁育研究基地.md,野外大熊猫常见的食用竹种类包括：冷箭竹、八月竹、实竹子、筇竹、大叶筇竹、箬竹、少花箭竹、短锥玉山竹、北背玉山竹、峨热竹、巴山木竹、糙花箭竹、缺苞箭竹、华桔竹等。,熊猫知识
大熊猫,峨热竹,RELATED_TO,D:\panda\docs\熊猫知识\【熊猫知识】食物 - 成都大熊猫繁育研究基地.md,野外大熊猫常见的食用竹种类包括：冷箭竹、八月竹、实竹子、筇竹、大叶筇竹、箬竹、少花箭竹、短锥玉山竹、北背玉山竹、峨热竹、巴山木竹、糙花箭竹、缺苞箭竹、华桔竹等。,熊猫知识
大熊猫,巴山木竹,RELATED_TO,D:\panda\docs\熊猫知识\【熊猫知识】食物 - 成都大熊猫繁育研究基地.md,野外大熊猫常见的食用竹种类包括：冷箭竹、八月竹、实竹子、筇竹、大叶筇竹、箬竹、少花箭竹、短锥玉山竹、北背玉山竹、峨热竹、巴山木竹、糙花箭竹、缺苞箭竹、华桔竹等。,熊猫知识
大熊猫,糙花箭竹,RELATED_TO,D:\panda\docs\熊猫知识\【熊猫知识】食物 - 成都大熊猫繁育研究基地.md,野外大熊猫常见的食用竹种类包括：冷箭竹、八月竹、实竹子、筇竹、大叶筇竹、箬竹、少花箭竹、短锥玉山竹、北背玉山竹、峨热竹、巴山木竹、糙花箭竹、缺苞箭竹、华桔竹等。,熊猫知识
大熊猫,缺苞箭竹,RELATED_TO,D:\panda\docs\熊猫知识\【熊猫知识】食物 - 成都大熊猫繁育研究基地.md,野外大熊猫常见的食用竹种类包括：冷箭竹、八月竹、实竹子、筇竹、大叶筇竹、箬竹、少花箭竹、短锥玉山竹、北背玉山竹、峨热竹、巴山木竹、糙花箭竹、缺苞箭竹、华桔竹等。,熊猫知识
大熊猫,华桔竹,RELATED_TO,D:\panda\docs\熊猫知识\【熊猫知识】食物 - 成都大熊猫繁育研究基地.md,野外大熊猫常见的食用竹种类包括：冷箭竹、八月竹、实竹子、筇竹、大叶筇竹、箬竹、少花箭竹、短锥玉山竹、北背玉山竹、峨热竹、巴山木竹、糙花箭竹、缺苞箭竹、华桔竹等。,熊猫知识
冷箭竹、八月竹、实竹子、筇竹、大叶筇竹、箬竹、少花箭竹、短锥玉山竹、北背玉山竹、峨热竹、巴山木竹、糙花箭竹、缺苞箭竹、华桔竹,亚高山暗针叶林,RELATED_TO,D:\panda\docs\熊猫知识\【熊猫知识】食物 - 成都大熊猫繁育研究基地.md,这些竹子长期生长在亚高山暗针叶林、山地暗针叶林、山地针阔叶混交林及山地常绿阔叶林的林冠下,熊猫知识
冷箭竹、八月竹、实竹子、筇竹、大叶筇竹、箬竹、少花箭竹、短锥玉山竹、北背玉山竹、峨热竹、巴山木竹、糙花箭竹、缺苞箭竹、华桔竹,山地暗针叶林,RELATED_TO,D:\panda\docs\熊猫知识\【熊猫知识】食物 - 成都大熊猫繁育研究基地.md,这些竹子长期生长在亚高山暗针叶林、山地暗针叶林、山地针阔叶混交林及山地常绿阔叶林的林冠下,熊猫知识
冷箭竹、八月竹、实竹子、筇竹、大叶筇竹、箬竹、少花箭竹、短锥玉山竹、北背玉山竹、峨热竹、巴山木竹、糙花箭竹、缺苞箭竹、华桔竹,山地针阔叶混交林,RELATED_TO,D:\panda\docs\熊猫知识\【熊猫知识】食物 - 成都大熊猫繁育研究基地.md,这些竹子长期生长在亚高山暗针叶林、山地暗针叶林、山地针阔叶混交林及山地常绿阔叶林的林冠下,熊猫知识
冷箭竹、八月竹、实竹子、筇竹、大叶筇竹、箬竹、少花箭竹、短锥玉山竹、北背玉山竹、峨热竹、巴山木竹、糙花箭竹、缺苞箭竹、华桔竹,山地常绿阔叶林,RELATED_TO,D:\panda\docs\熊猫知识\【熊猫知识】食物 - 成都大熊猫繁育研究基地.md,这些竹子长期生长在亚高山暗针叶林、山地暗针叶林、山地针阔叶混交林及山地常绿阔叶林的林冠下,熊猫知识
冷箭竹、八月竹、实竹子、筇竹、大叶筇竹、箬竹、少花箭竹、短锥玉山竹、北背玉山竹、峨热竹、巴山木竹、糙花箭竹、缺苞箭竹、华桔竹,700m到3500m,RELATED_TO,D:\panda\docs\熊猫知识\【熊猫知识】食物 - 成都大熊猫繁育研究基地.md,分布海拔从700m到3500m不等。,熊猫知识
大熊猫,主食竹类,RELATED_TO,D:\panda\docs\熊猫知识\【熊猫知识】食物 - 成都大熊猫繁育研究基地.md,不同山系的大熊猫主食竹类不同。,熊猫知识
大熊猫食谱,山系和季节,RELATED_TO,D:\panda\docs\熊猫知识\【熊猫知识】食物 - 成都大熊猫繁育研究基地.md,大熊猫的食谱随山系和季节而有变化,熊猫知识
大熊猫,不同种类的竹子或同种竹子的不同部位,RELATED_TO,D:\panda\docs\熊猫知识\【熊猫知识】食物 - 成都大熊猫繁育研究基地.md,在不同的季节采食不同种类的竹子或同种竹子的不同部位。,熊猫知识
大熊猫,竹笋,RELATED_TO,D:\panda\docs\熊猫知识\【熊猫知识】食物 - 成都大熊猫繁育研究基地.md,春夏季最爱吃不同种类的竹笋,熊猫知识
大熊猫,竹叶,RELATED_TO,D:\panda\docs\熊猫知识\【熊猫知识】食物 - 成都大熊猫繁育研究基地.md,秋季多以竹叶为主食,熊猫知识
大熊猫,竹竿,RELATED_TO,D:\panda\docs\熊猫知识\【熊猫知识】食物 - 成都大熊猫繁育研究基地.md,冬季以竹竿为主食,熊猫知识
圈养大熊猫,巴山木竹,RELATED_TO,D:\panda\docs\熊猫知识\【熊猫知识】食物 - 成都大熊猫繁育研究基地.md,圈养大熊猫主要以某一种或几种低山平坝竹为主食，如巴山木竹、刺竹、白夹竹、箬叶竹、淡竹、苦竹、阔叶箬竹、毛竹又名孟宗竹、冷箭竹、拐棍竹、矢竹、三月竹笋、方竹笋等。,熊猫知识
圈养大熊猫,刺竹,RELATED_TO,D:\panda\docs\熊猫知识\【熊猫知识】食物 - 成都大熊猫繁育研究基地.md,圈养大熊猫主要以某一种或几种低山平坝竹为主食，如巴山木竹、刺竹、白夹竹、箬叶竹、淡竹、苦竹、阔叶箬竹、毛竹又名孟宗竹、冷箭竹、拐棍竹、矢竹、三月竹笋、方竹笋等。,熊猫知识
圈养大熊猫,白夹竹,RELATED_TO,D:\panda\docs\熊猫知识\【熊猫知识】食物 - 成都大熊猫繁育研究基地.md,圈养大熊猫主要以某一种或几种低山平坝竹为主食，如巴山木竹、刺竹、白夹竹、箬叶竹、淡竹、苦竹、阔叶箬竹、毛竹又名孟宗竹、冷箭竹、拐棍竹、矢竹、三月竹笋、方竹笋等。,熊猫知识
圈养大熊猫,箬叶竹,RELATED_TO,D:\panda\docs\熊猫知识\【熊猫知识】食物 - 成都大熊猫繁育研究基地.md,圈养大熊猫主要以某一种或几种低山平坝竹为主食，如巴山木竹、刺竹、白夹竹、箬叶竹、淡竹、苦竹、阔叶箬竹、毛竹又名孟宗竹、冷箭竹、拐棍竹、矢竹、三月竹笋、方竹笋等。,熊猫知识
圈养大熊猫,淡竹,RELATED_TO,D:\panda\docs\熊猫知识\【熊猫知识】食物 - 成都大熊猫繁育研究基地.md,圈养大熊猫主要以某一种或几种低山平坝竹为主食，如巴山木竹、刺竹、白夹竹、箬叶竹、淡竹、苦竹、阔叶箬竹、毛竹又名孟宗竹、冷箭竹、拐棍竹、矢竹、三月竹笋、方竹笋等。,熊猫知识
圈养大熊猫,苦竹,RELATED_TO,D:\panda\docs\熊猫知识\【熊猫知识】食物 - 成都大熊猫繁育研究基地.md,圈养大熊猫主要以某一种或几种低山平坝竹为主食，如巴山木竹、刺竹、白夹竹、箬叶竹、淡竹、苦竹、阔叶箬竹、毛竹又名孟宗竹、冷箭竹、拐棍竹、矢竹、三月竹笋、方竹笋等。,熊猫知识
圈养大熊猫,阔叶箬竹,RELATED_TO,D:\panda\docs\熊猫知识\【熊猫知识】食物 - 成都大熊猫繁育研究基地.md,圈养大熊猫主要以某一种或几种低山平坝竹为主食，如巴山木竹、刺竹、白夹竹、箬叶竹、淡竹、苦竹、阔叶箬竹、毛竹又名孟宗竹、冷箭竹、拐棍竹、矢竹、三月竹笋、方竹笋等。,熊猫知识
圈养大熊猫,毛竹（又名孟宗竹）,RELATED_TO,D:\panda\docs\熊猫知识\【熊猫知识】食物 - 成都大熊猫繁育研究基地.md,圈养大熊猫主要以某一种或几种低山平坝竹为主食，如巴山木竹、刺竹、白夹竹、箬叶竹、淡竹、苦竹、阔叶箬竹、毛竹又名孟宗竹、冷箭竹、拐棍竹、矢竹、三月竹笋、方竹笋等。,熊猫知识
圈养大熊猫,冷箭竹,RELATED_TO,D:\panda\docs\熊猫知识\【熊猫知识】食物 - 成都大熊猫繁育研究基地.md,圈养大熊猫主要以某一种或几种低山平坝竹为主食，如巴山木竹、刺竹、白夹竹、箬叶竹、淡竹、苦竹、阔叶箬竹、毛竹又名孟宗竹、冷箭竹、拐棍竹、矢竹、三月竹笋、方竹笋等。,熊猫知识
圈养大熊猫,拐棍竹,RELATED_TO,D:\panda\docs\熊猫知识\【熊猫知识】食物 - 成都大熊猫繁育研究基地.md,圈养大熊猫主要以某一种或几种低山平坝竹为主食，如巴山木竹、刺竹、白夹竹、箬叶竹、淡竹、苦竹、阔叶箬竹、毛竹又名孟宗竹、冷箭竹、拐棍竹、矢竹、三月竹笋、方竹笋等。,熊猫知识
圈养大熊猫,矢竹,RELATED_TO,D:\panda\docs\熊猫知识\【熊猫知识】食物 - 成都大熊猫繁育研究基地.md,圈养大熊猫主要以某一种或几种低山平坝竹为主食，如巴山木竹、刺竹、白夹竹、箬叶竹、淡竹、苦竹、阔叶箬竹、毛竹又名孟宗竹、冷箭竹、拐棍竹、矢竹、三月竹笋、方竹笋等。,熊猫知识
圈养大熊猫,三月竹笋,RELATED_TO,D:\panda\docs\熊猫知识\【熊猫知识】食物 - 成都大熊猫繁育研究基地.md,圈养大熊猫主要以某一种或几种低山平坝竹为主食，如巴山木竹、刺竹、白夹竹、箬叶竹、淡竹、苦竹、阔叶箬竹、毛竹又名孟宗竹、冷箭竹、拐棍竹、矢竹、三月竹笋、方竹笋等。,熊猫知识
圈养大熊猫,方竹笋,RELATED_TO,D:\panda\docs\熊猫知识\【熊猫知识】食物 - 成都大熊猫繁育研究基地.md,圈养大熊猫主要以某一种或几种低山平坝竹为主食，如巴山木竹、刺竹、白夹竹、箬叶竹、淡竹、苦竹、阔叶箬竹、毛竹又名孟宗竹、冷箭竹、拐棍竹、矢竹、三月竹笋、方竹笋等。,熊猫知识
为大熊猫提供喜食的高山或亚高山竹类,高山或亚高山竹类,RELATED_TO,D:\panda\docs\熊猫知识\【熊猫知识】食物 - 成都大熊猫繁育研究基地.md,近年来随着大熊猫饲养技术的提高，逐渐认识到为大熊猫提供喜食的高山或亚高山竹类对于其身体健康和正常繁育的重要作用,熊猫知识
圈养大熊猫,精饲料,RELATED_TO,D:\panda\docs\熊猫知识\【熊猫知识】食物 - 成都大熊猫繁育研究基地.md,圈养大熊猫除了主要采食竹类外，还可获得少量的以谷物类为主所调制的精饲料、水果以及维生素和微量元素。,熊猫知识
圈养大熊猫,水果,RELATED_TO,D:\panda\docs\熊猫知识\【熊猫知识】食物 - 成都大熊猫繁育研究基地.md,圈养大熊猫除了主要采食竹类外，还可获得少量的以谷物类为主所调制的精饲料、水果以及维生素和微量元素。,熊猫知识
圈养大熊猫,维生素,RELATED_TO,D:\panda\docs\熊猫知识\【熊猫知识】食物 - 成都大熊猫繁育研究基地.md,圈养大熊猫除了主要采食竹类外，还可获得少量的以谷物类为主所调制的精饲料、水果以及维生素和微量元素。,熊猫知识
圈养大熊猫,微量元素,RELATED_TO,D:\panda\docs\熊猫知识\【熊猫知识】食物 - 成都大熊猫繁育研究基地.md,圈养大熊猫除了主要采食竹类外，还可获得少量的以谷物类为主所调制的精饲料、水果以及维生素和微量元素。,熊猫知识
精饲料,玉米,RELATED_TO,D:\panda\docs\熊猫知识\【熊猫知识】食物 - 成都大熊猫繁育研究基地.md,精饲料主要原料包括玉米、大豆、大米、小麦等。,熊猫知识
精饲料,大豆,RELATED_TO,D:\panda\docs\熊猫知识\【熊猫知识】食物 - 成都大熊猫繁育研究基地.md,精饲料主要原料包括玉米、大豆、大米、小麦等。,熊猫知识
精饲料,大米,RELATED_TO,D:\panda\docs\熊猫知识\【熊猫知识】食物 - 成都大熊猫繁育研究基地.md,精饲料主要原料包括玉米、大豆、大米、小麦等。,熊猫知识
精饲料,小麦,RELATED_TO,D:\panda\docs\熊猫知识\【熊猫知识】食物 - 成都大熊猫繁育研究基地.md,精饲料主要原料包括玉米、大豆、大米、小麦等。,熊猫知识
